Match_ID,Data,Hora,Pais,Liga,Temporada,Rodada,Home,Away,Gols_Home_FT,Gols_Away_FT,Gols_Home_HT,Gols_Away_HT,Odd_H_Open,Odd_D_Open,Odd_A_Open,Odd_H_Close,Odd_D_Close,Odd_A_Close,Over_25_Open,Over_25_Close,Under_25_Open,Under_25_Close,BTTS_Sim_Open,BTTS_Sim_Close,BTTS_Nao_Open,BTTS_Nao_Close,AH_H_Open,AH_H_Close,AH_A_Open,AH_A_Close,DC_1X_Open,DC_12_Open,DC_X2_Open,DC_1X_Close,DC_12_Close,DC_X2_Close,Over_05HT_Open,Over_05HT_Close,Over_15HT_Open,Over_15HT_Close,FT_xG_Home,FT_xG_Away,FT_xGOT_Home,FT_xGOT_Away,FT_Posse_Home,FT_Posse_Away,FT_Chutes_Home,FT_Chutes_Away,FT_Chutes_Alvo_Home,FT_Chutes_Alvo_Away,FT_Chances_Claras_Home,FT_Chances_Claras_Away,FT_Toques_Area_Home,FT_Toques_Area_Away,FT_Escanteios_Home,FT_Escanteios_Away,FT_Defesas_Home,FT_Defesas_Away,HT_xG_Home,HT_xG_Away,HT_Posse_Home,HT_Posse_Away,HT_Chutes_Home,HT_Chutes_Away,HT_Chutes_Alvo_Home,HT_Chutes_Alvo_Away,HT_Escanteios_Home,HT_Escanteios_Away
tYxjGH7i,08-12-2024,,Brasil,Série A,2024,,Atlético-MG,Athletico-PR,,,,,2.6,4.5,2.0,2.7,4.5,1.91,,,,,1.9,2.0,1.87,1.7,,,,,1.3,1.2,1.8,1.33,1.17,1.73,,,,,,,,,,,,,,,,,,,,,,,,,,,,,,,,
KOyfFyNc,08-12-2024,,Brasil,Série A,2024,,Bahia,Atlético-GO,,,,,1.91,6.0,2.38,1.83,6.5,2.4,,,,,1.73,1.7,2.1,2.0,,,,,1.17,1.08,2.75,1.14,1.07,2.88,,,,,,,,,,,,,,,,,,,,,,,,,,,,,,,,
Slu2DFiA,08-12-2024,,Brasil,Série A,2024,,Botafogo,São Paulo,,,,,2.1,6.0,2.1,1.67,10.0,2.4,,,,,2.0,2.38,1.8,1.5,,,,,1.22,1.08,2.4,1.13,1.02,4.0,,,,,,,,,,,,,,,,,,,,,,,,,,,,,,,,
KnKt6Xqp,08-12-2024,,Brasil,Série A,2024,,Cuiabá,Vasco,,,,,3.75,3.25,1.93,4.05,2.77,2.07,,,,,5.1,4.1,1.15,1.21,,,,,1.78,1.33,1.27,1.7,1.44,1.24,,,,,,,,,,,,,,,,,,,,,,,,,,,,,,,,
EoybEex4,08-12-2024,,Brasil,Série A,2024,,Flamengo,Vitória,,,,,1.91,8.5,2.38,1.83,7.0,2.5,,,,,6.0,4.5,1.13,1.18,,,,,1.53,1.08,1.8,1.5,1.08,1.83,,,,,,,,,,,,,,,,,,,,,,,,,,,,,,,,
IwYEADyT,08-12-2024,,Brasil,Série A,2024,,Fortaleza,Internacional,,,,,3.5,3.2,2.0,3.2,3.4,2.0,,,,,1.8,1.73,2.0,2.05,,,,,1.3,1.5,1.36,1.3,1.4,1.44,,,,,,,,,,,,,,,,,,,,,,,,,,,,,,,,
fVHFiYUj,08-12-2024,,Brasil,Série A,2024,,Grêmio,Corinthians,,,,,2.95,2.9,1.95,2.95,2.95,2.07,,,,,4.5,4.33,1.18,1.2,,,,,1.25,1.32,1.33,1.29,1.44,1.44,,,,,,,,,,,,,,,,,,,,,,,,,,,,,,,,
2B9o5iaj,08-12-2024,,Brasil,Série A,2024,,Juventude,Cruzeiro,,,,,3.0,3.6,2.0,2.7,4.0,2.0,,,,,1.8,1.7,2.0,2.0,,,,,1.3,1.36,1.5,1.29,1.25,1.67,,,,,,,,,,,,,,,,,,,,,,,,,,,,,,,,
ADU6CZ6G,08-12-2024,,Brasil,Série A,2024,,Palmeiras,Fluminense,,,,,1.88,7.0,2.4,1.96,6.5,2.4,,,,,5.5,5.0,1.14,1.17,,,,,1.18,1.1,2.6,1.2,1.11,2.45,,,,,,,,,,,,,,,,,,,,,,,,,,,,,,,,
l4TABgMM,08-12-2024,,Brasil,Série A,2024,,Red Bull Bragantino,Criciúma,,,,,1.98,6.5,2.32,1.9,7.1,2.37,,,,,4.85,4.3,1.16,1.19,,,,,1.53,1.12,1.8,1.52,1.11,1.88,,,,,,,,,,,,,,,,,,,,,,,,,,,,,,,,
pdSubzhN,05-12-2024,,Brasil,Série A,2024,,Athletico-PR,Red Bull Bragantino,,,,,2.33,3.75,1.98,2.55,3.8,1.98,,,,,1.73,1.8,2.1,1.87,,,,,1.22,1.19,1.55,1.3,1.27,1.65,,,,,,,,,,,,,,,,,,,,,,,,,,,,,,,,
GGzP1Ihb,05-12-2024,,Brasil,Série A,2024,,Fluminense,Cuiabá,,,,,2.02,7.0,2.22,1.85,9.0,2.27,,,,,5.1,5.8,1.14,1.12,,,,,1.57,1.11,1.78,1.55,1.08,1.91,,,,,,,,,,,,,,,,,,,,,,,,,,,,,,,,
baWqcf7T,04-12-2024,,Brasil,Série A,2024,,Atlético-GO,Fortaleza,,,,,3.4,3.1,2.1,3.15,3.35,2.12,,,,,4.1,4.1,1.21,1.21,,,,,1.65,1.36,1.32,1.65,1.33,1.36,,,,,,,,,,,,,,,,,,,,,,,,,,,,,,,,
MHsG3vOo,04-12-2024,,Brasil,Série A,2024,,Cruzeiro,Palmeiras,,,,,3.75,2.71,2.2,4.5,2.5,2.2,,,,,5.0,5.0,1.17,1.17,,,,,1.32,1.6,1.32,1.3,1.77,1.23,,,,,,,,,,,,,,,,,,,,,,,,,,,,,,,,
8EgYveoo,04-12-2024,,Brasil,Série A,2024,,Internacional,Botafogo,,,,,3.2,3.5,2.1,3.4,3.25,2.1,,,,,5.0,5.0,1.17,1.17,,,,,1.67,1.29,1.36,1.67,1.33,1.3,,,,,,,,,,,,,,,,,,,,,,,,,,,,,,,,
GvJBhEFp,04-12-2024,,Brasil,Série A,2024,,Criciúma,Flamengo,,,,,4.0,2.88,2.1,3.6,2.88,2.2,,,,,5.0,4.33,1.17,1.2,,,,,1.67,1.4,1.22,1.62,1.4,1.29,,,,,,,,,,,,,,,,,,,,,,,,,,,,,,,,
2XxyaGxH,04-12-2024,,Brasil,Série A,2024,,São Paulo,Juventude,,,,,2.12,5.8,2.22,2.2,5.3,2.25,,,,,4.55,4.15,1.17,1.2,,,,,1.57,1.15,1.7,1.57,1.17,1.65,,,,,,,,,,,,,,,,,,,,,,,,,,,,,,,,
YioK2bwh,04-12-2024,,Brasil,Série A,2024,,Vitória,Grêmio,,,,,3.25,3.55,2.0,2.85,3.9,2.07,,,,,5.0,4.1,1.15,1.21,,,,,1.72,1.3,1.34,1.65,1.26,1.42,,,,,,,,,,,,,,,,,,,,,,,,,,,,,,,,
f7ZS0x84,04-12-2024,,Brasil,Série A,2024,,Vasco,Atlético-MG,,,,,3.2,3.5,2.05,3.75,3.5,1.91,,,,,5.0,6.5,1.17,1.11,,,,,1.73,1.29,1.36,1.8,1.29,1.25,,,,,,,,,,,,,,,,,,,,,,,,,,,,,,,,
OtvXadNA,03-12-2024,,Brasil,Série A,2024,,Corinthians,Bahia,,,,,2.23,3.85,2.03,2.0,4.8,2.21,,,,,4.1,3.7,1.21,1.25,,,,,1.2,1.19,1.71,1.21,1.15,2.17,,,,,,,,,,,,,,,,,,,,,,,,,,,,,,,,
zNxdbqn6,01-12-2024,,Brasil,Série A,2024,,Athletico-PR,Fluminense,,,,,2.71,4.5,2.0,3.0,4.33,1.94,,,,,5.0,5.4,1.15,1.13,,,,,1.35,1.25,1.66,1.37,1.28,1.57,,,,,,,,,,,,,,,,,,,,,,,,,,,,,,,,
t0whaPWa,01-12-2024,,Brasil,Série A,2024,,Red Bull Bragantino,Cruzeiro,,,,,3.15,3.95,1.93,2.75,4.4,2.0,,,,,4.9,4.75,1.15,1.16,,,,,1.75,1.25,1.36,1.7,1.21,1.44,,,,,,,,,,,,,,,,,,,,,,,,,,,,,,,,
zabD67vQ,01-12-2024,,Brasil,Série A,2024,,Vitória,Fortaleza,,,,,3.3,3.55,1.98,2.85,4.1,2.02,,,,,5.0,4.5,1.15,1.18,,,,,1.75,1.3,1.33,1.7,1.24,1.42,,,,,,,,,,,,,,,,,,,,,,,,,,,,,,,,
6sou2Rns,01-12-2024,,Brasil,Série A,2024,,Flamengo,Internacional,,,,,3.0,4.05,1.95,2.57,4.75,2.05,,,,,4.9,4.5,1.15,1.18,,,,,1.78,1.24,1.38,1.7,1.19,1.5,,,,,,,,,,,,,,,,,,,,,,,,,,,,,,,,
f3LQr4nJ,01-12-2024,,Brasil,Série A,2024,,Grêmio,São Paulo,,,,,3.0,4.0,1.96,2.9,4.0,2.05,,,,,4.9,4.5,1.15,1.18,,,,,1.36,1.3,1.55,1.35,1.32,1.55,,,,,,,,,,,,,,,,,,,,,,,,,,,,,,,,
pYqq1o2m,30-11-2024,,Brasil,Série A,2024,,Vasco,Atlético-GO,,,,,2.35,5.8,2.02,2.52,4.6,2.1,,,,,5.3,4.3,1.14,1.19,,,,,1.7,1.14,1.57,1.65,1.2,1.52,,,,,,,,,,,,,,,,,,,,,,,,,,,,,,,,
WlW4dNGI,30-11-2024,,Brasil,Série A,2024,,Criciúma,Corinthians,,,,,3.5,3.4,1.91,3.75,2.88,2.0,,,,,1.9,1.73,1.87,1.95,,,,,1.29,1.53,1.36,1.3,1.62,1.25,,,,,,,,,,,,,,,,,,,,,,,,,,,,,,,,
EDy0c31C,30-11-2024,,Brasil,Série A,2024,,Cuiabá,Bahia,,,,,4.0,3.0,1.96,4.75,2.5,2.12,,,,,5.5,5.5,1.14,1.14,,,,,1.35,1.52,1.35,1.28,1.83,1.22,,,,,,,,,,,,,,,,,,,,,,,,,,,,,,,,
zuWRfAuE,27-11-2024,,Brasil,Série A,2024,,Cruzeiro,Grêmio,,,,,2.8,4.1,2.05,2.55,4.55,2.1,,,,,4.75,4.25,1.16,1.2,,,,,1.7,1.24,1.44,1.65,1.21,1.5,,,,,,,,,,,,,,,,,,,,,,,,,,,,,,,,
d8a97mPJ,26-11-2024,,Brasil,Série A,2024,,Atlético-MG,Juventude,,,,,2.5,4.5,2.0,3.1,3.75,1.83,,,,,1.8,2.0,2.0,1.7,,,,,1.25,1.2,1.8,1.33,1.33,1.44,,,,,,,,,,,,,,,,,,,,,,,,,,,,,,,,
SdZm05Hg,26-11-2024,,Brasil,Série A,2024,,Palmeiras,Botafogo,,,,,2.47,4.8,2.1,2.67,4.3,2.07,,,,,4.6,4.25,1.17,1.2,,,,,1.62,1.19,1.53,1.7,1.22,1.47,,,,,,,,,,,,,,,,,,,,,,,,,,,,,,,,
8nJEo620,26-11-2024,,Brasil,Série A,2024,,Fortaleza,Flamengo,,,,,3.0,3.05,1.87,3.55,2.8,1.93,,,,,5.5,5.0,1.14,1.17,,,,,1.25,1.32,1.33,1.31,1.54,1.33,,,,,,,,,,,,,,,,,,,,,,,,,,,,,,,,
dfKzglAQ,26-11-2024,,Brasil,Série A,2024,,Fluminense,Criciúma,,,,,2.2,6.0,2.1,2.3,6.0,2.1,,,,,6.0,6.0,1.13,1.13,,,,,1.67,1.11,1.62,1.67,1.11,1.57,,,,,,,,,,,,,,,,,,,,,,,,,,,,,,,,
EVUVgUfK,24-11-2024,,Brasil,Série A,2024,,Bahia,Athletico-PR,,,,,2.19,4.1,1.99,2.12,4.4,2.17,,,,,5.5,4.33,1.14,1.2,,,,,1.21,1.14,1.67,1.23,1.18,2.0,,,,,,,,,,,,,,,,,,,,,,,,,,,,,,,,
CKP5mSXm,24-11-2024,,Brasil,Série A,2024,,Corinthians,Vasco,,,,,2.25,6.5,2.1,2.2,6.0,2.2,,,,,6.5,5.5,1.11,1.14,,,,,1.67,1.1,1.57,1.62,1.11,1.62,,,,,,,,,,,,,,,,,,,,,,,,,,,,,,,,
nPxpWQ2D,24-11-2024,,Brasil,Série A,2024,,Internacional,Red Bull Bragantino,,,,,2.0,7.0,2.22,2.15,5.6,2.25,,,,,5.4,4.4,1.13,1.19,,,,,1.57,1.11,1.78,1.57,1.15,1.7,,,,,,,,,,,,,,,,,,,,,,,,,,,,,,,,
jBO9nnmf,23-11-2024,,Brasil,Série A,2024,,São Paulo,Atlético-MG,,,,,2.55,5.1,2.0,2.8,5.0,1.88,,,,,5.1,5.6,1.14,1.12,,,,,1.72,1.18,1.5,1.8,1.18,1.42,,,,,,,,,,,,,,,,,,,,,,,,,,,,,,,,
nwIIpQH6,23-11-2024,,Brasil,Série A,2024,,Atlético-GO,Palmeiras,,,,,7.0,2.05,2.25,7.5,1.83,2.4,,,,,6.0,5.5,1.13,1.14,,,,,1.57,1.73,1.08,1.53,1.83,1.07,,,,,,,,,,,,,,,,,,,,,,,,,,,,,,,,
IcQ1l8Is,23-11-2024,,Brasil,Série A,2024,,Botafogo,Vitória,,,,,1.68,7.4,2.13,1.75,7.0,2.25,,,,,2.2,2.05,1.65,1.67,,,,,1.1,1.05,2.29,1.15,1.07,2.85,,,,,,,,,,,,,,,,,,,,,,,,,,,,,,,,
t0HMqpXC,23-11-2024,,Brasil,Série A,2024,,Juventude,Cuiabá,,,,,2.77,4.5,1.98,2.15,6.0,2.18,,,,,5.4,4.9,1.13,1.15,,,,,1.75,1.21,1.44,1.6,1.14,1.7,,,,,,,,,,,,,,,,,,,,,,,,,,,,,,,,
dYr0tBQK,22-11-2024,,Brasil,Série A,2024,,Fluminense,Fortaleza,,,,,2.88,4.33,2.0,2.75,4.75,1.95,,,,,5.5,6.5,1.14,1.11,,,,,1.73,1.2,1.4,1.8,1.17,1.4,,,,,,,,,,,,,,,,,,,,,,,,,,,,,,,,
zPs4uVuR,21-11-2024,,Brasil,Série A,2024,,Vasco,Internacional,,,,,3.3,3.4,1.91,4.0,2.8,1.91,,,,,1.85,1.8,1.85,1.87,,,,,1.33,1.4,1.4,1.3,1.67,1.25,,,,,,,,,,,,,,,,,,,,,,,,,,,,,,,,
l8uhrXe8,20-11-2024,,Brasil,Série A,2024,,Atlético-MG,Botafogo,,,,,3.6,3.25,2.0,4.75,2.88,1.95,,,,,5.5,6.0,1.14,1.13,,,,,1.73,1.33,1.29,1.8,1.4,1.17,,,,,,,,,,,,,,,,,,,,,,,,,,,,,,,,
Q9lyYnY0,20-11-2024,,Brasil,Série A,2024,,Cuiabá,Flamengo,,,,,4.0,2.88,1.91,4.5,2.7,1.83,,,,,1.85,2.15,1.85,1.67,,,,,1.3,1.67,1.25,1.3,1.83,1.17,,,,,,,,,,,,,,,,,,,,,,,,,,,,,,,,
n319JmJ7,20-11-2024,,Brasil,Série A,2024,,Grêmio,Juventude,,,,,2.2,6.0,2.2,2.4,4.75,2.2,,,,,5.5,5.0,1.14,1.17,,,,,1.62,1.11,1.62,1.62,1.17,1.53,,,,,,,,,,,,,,,,,,,,,,,,,,,,,,,,
2BqdsiBE,20-11-2024,,Brasil,Série A,2024,,Bahia,Palmeiras,,,,,3.4,2.65,1.89,3.35,2.55,2.16,,,,,5.5,4.0,1.14,1.22,,,,,1.23,1.45,1.24,1.27,1.61,1.33,,,,,,,,,,,,,,,,,,,,,,,,,,,,,,,,
C6pXYSIf,20-11-2024,,Brasil,Série A,2024,,Athletico-PR,Atlético-GO,,,,,2.38,5.5,2.1,2.25,5.5,2.25,,,,,6.0,5.0,1.13,1.17,,,,,1.67,1.13,1.53,1.57,1.13,1.57,,,,,,,,,,,,,,,,,,,,,,,,,,,,,,,,
8YwtX6m7,20-11-2024,,Brasil,Série A,2024,,Criciúma,Vitória,,,,,2.8,4.0,1.91,2.75,4.2,2.0,,,,,1.85,1.87,1.85,1.87,,,,,1.3,1.25,1.62,1.3,1.25,1.62,,,,,,,,,,,,,,,,,,,,,,,,,,,,,,,,
IqoTZ83l,20-11-2024,,Brasil,Série A,2024,,Red Bull Bragantino,São Paulo,,,,,3.25,3.65,1.98,3.25,3.9,1.91,,,,,5.1,4.9,1.14,1.15,,,,,1.75,1.29,1.34,1.8,1.25,1.34,,,,,,,,,,,,,,,,,,,,,,,,,,,,,,,,
vgnPzklr,20-11-2024,,Brasil,Série A,2024,,Corinthians,Cruzeiro,,,,,2.62,5.1,1.95,2.0,6.8,2.25,,,,,5.5,5.1,1.13,1.14,,,,,1.75,1.17,1.47,1.57,1.12,1.8,,,,,,,,,,,,,,,,,,,,,,,,,,,,,,,,
hSSQ1lIH,16-11-2024,,Brasil,Série A,2024,,Athletico-PR,Atlético-MG,,,,,2.88,3.75,2.0,2.88,4.0,1.91,,,,,1.87,1.83,1.9,1.91,,,,,1.3,1.3,1.57,1.3,1.29,1.57,,,,,,,,,,,,,,,,,,,,,,,,,,,,,,,,
AHKITXtF,13-11-2024,,Brasil,Série A,2024,,Flamengo,Atlético-MG,,,,,2.5,4.75,2.1,2.75,4.5,2.0,,,,,5.5,6.0,1.14,1.13,,,,,1.67,1.17,1.5,1.73,1.17,1.4,,,,,,,,,,,,,,,,,,,,,,,,,,,,,,,,
IN9hNVJr,09-11-2024,,Brasil,Série A,2024,,São Paulo,Athletico-PR,,,,,2.38,5.5,2.1,2.2,6.5,2.2,,,,,6.0,6.0,1.13,1.13,,,,,1.67,1.13,1.53,1.62,1.11,1.62,,,,,,,,,,,,,,,,,,,,,,,,,,,,,,,,
vwb1L9le,09-11-2024,,Brasil,Série A,2024,,Atlético-GO,Red Bull Bragantino,,,,,2.95,3.8,2.05,3.25,3.35,2.07,,,,,4.85,4.4,1.16,1.19,,,,,1.7,1.27,1.39,1.65,1.33,1.34,,,,,,,,,,,,,,,,,,,,,,,,,,,,,,,,
EkR9VgC2,09-11-2024,,Brasil,Série A,2024,,Cruzeiro,Criciúma,,,,,2.2,6.0,2.2,2.25,6.0,2.2,,,,,5.5,5.5,1.14,1.14,,,,,1.62,1.11,1.62,1.62,1.13,1.57,,,,,,,,,,,,,,,,,,,,,,,,,,,,,,,,
0nacMkZl,09-11-2024,,Brasil,Série A,2024,,Fortaleza,Vasco,,,,,2.6,4.55,2.07,2.35,5.3,2.12,,,,,4.9,4.8,1.15,1.16,,,,,1.7,1.2,1.5,1.65,1.17,1.6,,,,,,,,,,,,,,,,,,,,,,,,,,,,,,,,
8C25KT31,09-11-2024,,Brasil,Série A,2024,,Juventude,Bahia,,,,,3.45,3.2,2.05,3.05,3.4,2.12,,,,,4.5,4.15,1.18,1.2,,,,,1.7,1.35,1.31,1.65,1.32,1.37,,,,,,,,,,,,,,,,,,,,,,,,,,,,,,,,
l8JMSidL,09-11-2024,,Brasil,Série A,2024,,Botafogo,Cuiabá,,,,,1.83,9.5,2.3,1.67,11.0,2.6,,,,,7.0,6.5,1.1,1.11,,,,,1.57,1.04,1.83,1.5,1.02,2.1,,,,,,,,,,,,,,,,,,,,,,,,,,,,,,,,
htQDUDR8,09-11-2024,,Brasil,Série A,2024,,Vitória,Corinthians,,,,,3.5,3.5,1.95,3.75,3.2,2.0,,,,,6.0,5.5,1.13,1.14,,,,,1.8,1.29,1.29,1.73,1.36,1.25,,,,,,,,,,,,,,,,,,,,,,,,,,,,,,,,
rVIQRBBR,08-11-2024,,Brasil,Série A,2024,,Palmeiras,Grêmio,,,,,2.0,6.0,2.2,1.8,7.0,2.4,,,,,1.9,1.91,1.87,1.8,,,,,1.2,1.08,2.5,1.13,1.06,3.1,,,,,,,,,,,,,,,,,,,,,,,,,,,,,,,,
0nwS6AZ1,08-11-2024,,Brasil,Série A,2024,,Internacional,Fluminense,,,,,2.35,5.6,2.05,1.98,6.8,2.27,,,,,5.5,4.9,1.13,1.15,,,,,1.7,1.15,1.57,1.55,1.12,1.8,,,,,,,,,,,,,,,,,,,,,,,,,,,,,,,,
4KqJ8W4k,06-11-2024,,Brasil,Série A,2024,,Atlético-GO,Atlético-MG,,,,,3.5,3.45,1.95,2.9,3.8,2.07,,,,,4.65,4.25,1.17,1.2,,,,,1.75,1.31,1.31,1.65,1.27,1.4,,,,,,,,,,,,,,,,,,,,,,,,,,,,,,,,
QmHRV26o,06-11-2024,,Brasil,Série A,2024,,Cruzeiro,Flamengo,,,,,3.15,3.65,2.0,3.25,3.5,2.0,,,,,4.8,4.55,1.16,1.18,,,,,1.72,1.29,1.35,1.72,1.3,1.34,,,,,,,,,,,,,,,,,,,,,,,,,,,,,,,,
4vGVUMLi,05-11-2024,,Brasil,Série A,2024,,Bahia,São Paulo,,,,,2.77,4.5,1.98,3.05,4.1,1.93,,,,,5.0,4.9,1.15,1.15,,,,,1.75,1.21,1.44,1.78,1.24,1.37,,,,,,,,,,,,,,,,,,,,,,,,,,,,,,,,
C4JwT0j4,05-11-2024,,Brasil,Série A,2024,,Botafogo,Vasco,,,,,2.1,5.5,2.1,1.83,7.0,2.3,,,,,1.85,1.87,1.85,1.87,,,,,1.2,1.1,2.3,1.14,1.06,3.0,,,,,,,,,,,,,,,,,,,,,,,,,,,,,,,,
lWXr7JTp,05-11-2024,,Brasil,Série A,2024,,Internacional,Criciúma,,,,,1.91,6.5,2.2,1.73,7.5,2.4,,,,,1.95,2.0,1.75,1.75,,,,,1.17,1.06,2.7,1.13,1.05,3.3,,,,,,,,,,,,,,,,,,,,,,,,,,,,,,,,
fT8rSK5A,04-11-2024,,Brasil,Série A,2024,,Corinthians,Palmeiras,,,,,3.9,2.95,2.02,3.8,3.05,2.02,,,,,5.0,4.6,1.15,1.17,,,,,1.72,1.39,1.26,1.72,1.38,1.27,,,,,,,,,,,,,,,,,,,,,,,,,,,,,,,,
QTpF9Ckq,02-11-2024,,Brasil,Série A,2024,,Athletico-PR,Vitória,,,,,2.3,5.5,2.0,2.3,5.0,2.0,,,,,2.0,2.0,1.73,1.75,,,,,1.25,1.13,2.0,1.25,1.13,2.0,,,,,,,,,,,,,,,,,,,,,,,,,,,,,,,,
nqZN7jKe,02-11-2024,,Brasil,Série A,2024,,Juventude,Fortaleza,,,,,3.75,3.1,2.0,3.2,3.6,2.05,,,,,5.5,5.5,1.14,1.14,,,,,1.73,1.36,1.25,1.73,1.29,1.36,,,,,,,,,,,,,,,,,,,,,,,,,,,,,,,,
YJ7nRvLG,02-11-2024,,Brasil,Série A,2024,,Red Bull Bragantino,Cuiabá,,,,,2.6,5.5,2.0,2.38,6.0,2.0,,,,,6.5,6.5,1.11,1.11,,,,,1.73,1.14,1.5,1.73,1.11,1.53,,,,,,,,,,,,,,,,,,,,,,,,,,,,,,,,
b1FZTtyb,01-11-2024,,Brasil,Série A,2024,,Fluminense,Grêmio,,,,,2.63,4.75,2.05,2.88,4.33,2.0,,,,,5.5,6.0,1.14,1.13,,,,,1.73,1.17,1.44,1.73,1.2,1.4,,,,,,,,,,,,,,,,,,,,,,,,,,,,,,,,
UBEWMhkJ,30-10-2024,,Brasil,Série A,2024,,Internacional,Flamengo,,,,,3.0,3.4,2.1,2.4,4.5,2.0,,,,,1.6,1.87,2.3,1.87,,,,,1.25,1.36,1.5,1.25,1.17,1.83,,,,,,,,,,,,,,,,,,,,,,,,,,,,,,,,
jyjdGN6b,28-10-2024,,Brasil,Série A,2024,,Vasco,Bahia,,,,,2.95,3.7,2.07,3.35,3.1,2.12,,,,,4.65,3.9,1.17,1.23,,,,,1.7,1.28,1.39,1.65,1.37,1.32,,,,,,,,,,,,,,,,,,,,,,,,,,,,,,,,
h0nDCu6N,28-10-2024,,Brasil,Série A,2024,,Cuiabá,Corinthians,,,,,3.2,3.6,2.05,4.0,3.25,1.91,,,,,5.5,6.5,1.14,1.11,,,,,1.73,1.29,1.36,1.8,1.33,1.22,,,,,,,,,,,,,,,,,,,,,,,,,,,,,,,,
nNoHBaLT,26-10-2024,,Brasil,Série A,2024,,Criciúma,São Paulo,,,,,3.4,3.25,2.1,3.75,3.2,2.0,,,,,5.0,6.0,1.17,1.13,,,,,1.67,1.33,1.3,1.69,1.33,1.22,,,,,,,,,,,,,,,,,,,,,,,,,,,,,,,,
GIcqJPMu,26-10-2024,,Brasil,Série A,2024,,Atlético-MG,Internacional,,,,,3.0,3.75,2.1,4.33,3.1,1.95,,,,,5.0,6.0,1.17,1.13,,,,,1.67,1.25,1.36,1.8,1.36,1.2,,,,,,,,,,,,,,,,,,,,,,,,,,,,,,,,
b1g4E1yB,26-10-2024,,Brasil,Série A,2024,,Red Bull Bragantino,Botafogo,,,,,4.2,2.77,2.05,4.4,2.52,2.15,,,,,4.75,4.2,1.16,1.2,,,,,1.7,1.44,1.23,1.62,1.52,1.22,,,,,,,,,,,,,,,,,,,,,,,,,,,,,,,,
tQr9DLjH,26-10-2024,,Brasil,Série A,2024,,Athletico-PR,Cruzeiro,,,,,3.1,3.75,2.0,2.5,5.0,2.1,,,,,5.5,5.5,1.14,1.14,,,,,1.73,1.25,1.36,1.67,1.14,1.5,,,,,,,,,,,,,,,,,,,,,,,,,,,,,,,,
CpihH3ih,26-10-2024,,Brasil,Série A,2024,,Flamengo,Juventude,,,,,2.05,7.5,2.2,1.83,7.5,2.5,,,,,6.0,5.0,1.13,1.17,,,,,1.62,1.07,1.73,1.5,1.07,1.83,,,,,,,,,,,,,,,,,,,,,,,,,,,,,,,,
vcMwbtiU,26-10-2024,,Brasil,Série A,2024,,Grêmio,Atlético-GO,,,,,2.3,6.0,2.1,2.2,5.5,2.3,,,,,6.0,5.0,1.13,1.17,,,,,1.67,1.11,1.57,1.57,1.13,1.62,,,,,,,,,,,,,,,,,,,,,,,,,,,,,,,,
KAf0FsM4,26-10-2024,,Brasil,Série A,2024,,Palmeiras,Fortaleza,,,,,2.2,6.5,2.1,1.83,7.0,2.5,,,,,6.5,4.5,1.11,1.18,,,,,1.67,1.1,1.62,1.5,1.08,1.83,,,,,,,,,,,,,,,,,,,,,,,,,,,,,,,,
UL1mIqxn,26-10-2024,,Brasil,Série A,2024,,Vitória,Fluminense,,,,,3.2,3.75,1.95,3.2,4.3,1.83,,,,,5.4,5.4,1.13,1.13,,,,,1.75,1.27,1.34,1.85,1.22,1.34,,,,,,,,,,,,,,,,,,,,,,,,,,,,,,,,
2wzE4jYb,24-10-2024,,Brasil,Série A,2024,,Vasco,Cuiabá,,,,,2.5,5.0,2.1,2.5,5.5,1.95,,,,,5.5,7.0,1.14,1.1,,,,,1.67,1.14,1.5,1.8,1.13,1.5,,,,,,,,,,,,,,,,,,,,,,,,,,,,,,,,
2aqotGks,22-10-2024,,Brasil,Série A,2024,,Fluminense,Athletico-PR,,,,,2.75,4.5,2.0,2.5,5.5,2.0,,,,,6.0,6.5,1.13,1.11,,,,,1.73,1.17,1.4,1.73,1.13,1.5,,,,,,,,,,,,,,,,,,,,,,,,,,,,,,,,
06NZbMyO,20-10-2024,,Brasil,Série A,2024,,Juventude,Palmeiras,,,,,5.3,2.4,2.07,5.2,2.22,2.22,,,,,4.85,4.25,1.16,1.2,,,,,1.65,1.57,1.17,1.6,1.65,1.17,,,,,,,,,,,,,,,,,,,,,,,,,,,,,,,,
x8b51ftP,19-10-2024,,Brasil,Série A,2024,,Internacional,Grêmio,,,,,2.55,4.7,2.05,2.3,5.3,2.15,,,,,5.1,4.55,1.14,1.18,,,,,1.7,1.2,1.5,1.62,1.17,1.6,,,,,,,,,,,,,,,,,,,,,,,,,,,,,,,,
rkBD56ht,19-10-2024,,Brasil,Série A,2024,,Vitória,Red Bull Bragantino,,,,,3.0,4.0,2.05,3.0,4.0,2.0,,,,,5.5,6.0,1.14,1.13,,,,,1.73,1.22,1.36,1.73,1.22,1.36,,,,,,,,,,,,,,,,,,,,,,,,,,,,,,,,
ttPoAnpP,18-10-2024,,Brasil,Série A,2024,,Cruzeiro,Bahia,,,,,2.75,4.33,2.05,2.5,4.5,2.2,,,,,5.5,5.0,1.14,1.17,,,,,1.73,1.2,1.4,1.62,1.17,1.5,,,,,,,,,,,,,,,,,,,,,,,,,,,,,,,,
jFEL3pNh,18-10-2024,,Brasil,Série A,2024,,Botafogo,Criciúma,,,,,2.0,7.0,2.3,1.77,8.0,2.5,,,,,5.5,5.0,1.14,1.17,,,,,1.57,1.08,1.73,1.5,1.06,1.91,,,,,,,,,,,,,,,,,,,,,,,,,,,,,,,,
Kf6x02MH,18-10-2024,,Brasil,Série A,2024,,Atlético-GO,Cuiabá,,,,,2.85,4.5,1.92,2.85,4.33,2.0,,,,,6.5,6.5,1.11,1.11,,,,,1.33,1.25,1.69,1.36,1.25,1.64,,,,,,,,,,,,,,,,,,,,,,,,,,,,,,,,
Yw4Q24xa,17-10-2024,,Brasil,Série A,2024,,Corinthians,Athletico-PR,,,,,3.05,4.15,1.93,2.18,5.6,2.22,,,,,5.1,4.4,1.14,1.19,,,,,1.78,1.23,1.38,1.6,1.15,1.65,,,,,,,,,,,,,,,,,,,,,,,,,,,,,,,,
COFH4Q7n,17-10-2024,,Brasil,Série A,2024,,Flamengo,Fluminense,,,,,2.2,5.5,2.1,2.4,6.0,1.91,,,,,1.91,2.38,1.8,1.53,,,,,1.22,1.11,2.2,1.3,1.1,2.0,,,,,,,,,,,,,,,,,,,,,,,,,,,,,,,,
t47Y0r7B,16-10-2024,,Brasil,Série A,2024,,"Fortaleza
2",Atlético-MG,,,,,2.5,5.0,2.1,2.4,6.0,2.05,,,,,5.5,6.5,1.14,1.11,,,,,1.67,1.14,1.5,1.73,1.11,1.53,,,,,,,,,,,,,,,,,,,,,,,,,,,,,,,,
ns8U1Oi5,16-10-2024,,Brasil,Série A,2024,,São Paulo,Vasco,,,,,2.3,6.0,2.1,2.5,5.0,2.1,,,,,6.0,5.5,1.13,1.14,,,,,1.67,1.11,1.57,1.67,1.14,1.5,,,,,,,,,,,,,,,,,,,,,,,,,,,,,,,,
WIF4Wj4P,09-10-2024,,Brasil,Série A,2024,,Atlético-MG,Grêmio,,,,,2.47,5.1,2.05,2.37,4.8,2.18,,,,,5.3,4.2,1.13,1.2,,,,,1.7,1.17,1.53,1.62,1.19,1.57,,,,,,,,,,,,,,,,,,,,,,,,,,,,,,,,
GKls7bCm,05-10-2024,,Brasil,Série A,2024,,Vasco,Juventude,,,,,2.2,5.5,2.0,2.3,5.0,2.1,,,,,2.0,1.83,1.8,1.83,,,,,1.22,1.11,2.2,1.25,1.13,2.0,,,,,,,,,,,,,,,,,,,,,,,,,,,,,,,,
dz8ACKlQ,05-10-2024,,Brasil,Série A,2024,,Bahia,Flamengo,,,,,3.25,3.4,2.1,3.4,3.4,2.05,,,,,5.0,5.0,1.17,1.17,,,,,1.67,1.3,1.33,1.73,1.3,1.3,,,,,,,,,,,,,,,,,,,,,,,,,,,,,,,,
Aslo6IRg,05-10-2024,,Brasil,Série A,2024,,Corinthians,Internacional,,,,,3.0,4.33,1.95,2.88,3.75,2.1,,,,,6.0,5.0,1.13,1.17,,,,,1.8,1.2,1.36,1.67,1.25,1.4,,,,,,,,,,,,,,,,,,,,,,,,,,,,,,,,
p0tb3GBC,05-10-2024,,Brasil,Série A,2024,,Cuiabá,São Paulo,,,,,3.75,3.4,1.91,4.75,3.25,1.8,,,,,6.0,8.0,1.13,1.08,,,,,1.8,1.3,1.25,1.91,1.33,1.17,,,,,,,,,,,,,,,,,,,,,,,,,,,,,,,,
69sf4dd6,05-10-2024,,Brasil,Série A,2024,,Athletico-PR,Botafogo,,,,,3.75,3.1,2.05,3.75,2.88,2.1,,,,,5.5,5.0,1.14,1.17,,,,,1.73,1.36,1.25,1.67,1.4,1.25,,,,,,,,,,,,,,,,,,,,,,,,,,,,,,,,
Iq96D0ZJ,05-10-2024,,Brasil,Série A,2024,,Atlético-MG,Vitória,,,,,2.16,6.33,2.12,2.5,5.5,2.0,,,,,5.2,5.0,1.14,1.15,,,,,1.23,1.14,2.2,1.33,1.17,1.85,,,,,,,,,,,,,,,,,,,,,,,,,,,,,,,,
lYnk5xs0,05-10-2024,,Brasil,Série A,2024,,Red Bull Bragantino,Palmeiras,,,,,3.75,3.0,1.91,4.5,2.4,2.0,,,,,1.87,1.83,1.9,1.91,,,,,1.25,1.67,1.3,1.25,1.91,1.17,,,,,,,,,,,,,,,,,,,,,,,,,,,,,,,,
jwLOlHdJ,04-10-2024,,Brasil,Série A,2024,,Grêmio,Fortaleza,,,,,3.0,3.75,2.05,2.75,4.0,2.1,,,,,4.9,4.25,1.16,1.2,,,,,1.7,1.27,1.39,1.65,1.25,1.45,,,,,,,,,,,,,,,,,,,,,,,,,,,,,,,,
2Hpw8vcs,03-10-2024,,Brasil,Série A,2024,,Fluminense,Cruzeiro,,,,,3.05,4.0,1.95,3.25,3.95,1.88,,,,,5.1,5.2,1.14,1.14,,,,,1.75,1.25,1.37,1.8,1.25,1.34,,,,,,,,,,,,,,,,,,,,,,,,,,,,,,,,
vNu22zRI,03-10-2024,,Brasil,Série A,2024,,Criciúma,Atlético-GO,,,,,2.62,4.5,2.07,2.45,4.5,2.18,,,,,4.85,4.25,1.16,1.2,,,,,1.7,1.21,1.47,1.62,1.21,1.53,,,,,,,,,,,,,,,,,,,,,,,,,,,,,,,,
l6CVBmbF,29-09-2024,,Brasil,Série A,2024,,Flamengo,Athletico-PR,,,,,2.18,5.8,2.18,2.27,5.2,2.18,,,,,4.9,4.5,1.16,1.18,,,,,1.62,1.15,1.65,1.6,1.17,1.62,,,,,,,,,,,,,,,,,,,,,,,,,,,,,,,,
fqDRCTr9,29-09-2024,,Brasil,Série A,2024,,Bahia,Criciúma,,,,,2.3,5.0,2.25,2.2,5.5,2.25,,,,,5.0,5.0,1.17,1.17,,,,,1.57,1.14,1.57,1.57,1.13,1.62,,,,,,,,,,,,,,,,,,,,,,,,,,,,,,,,
r99ND9T2,29-09-2024,,Brasil,Série A,2024,,Cruzeiro,Vasco,,,,,2.4,4.5,2.0,2.38,5.0,2.0,,,,,1.8,1.95,1.91,1.73,,,,,1.25,1.17,1.83,1.25,1.14,2.0,,,,,,,,,,,,,,,,,,,,,,,,,,,,,,,,
t4VvkQj2,29-09-2024,,Brasil,Série A,2024,,Internacional,Vitória,,,,,2.3,6.0,2.1,1.91,7.5,2.3,,,,,6.0,6.0,1.13,1.13,,,,,1.67,1.11,1.57,1.57,1.07,1.8,,,,,,,,,,,,,,,,,,,,,,,,,,,,,,,,
UNWFjwS6,29-09-2024,,Brasil,Série A,2024,,Atlético-GO,Fluminense,,,,,3.4,3.3,1.91,3.1,3.75,1.91,,,,,1.8,1.95,1.91,1.8,,,,,1.3,1.44,1.4,1.33,1.33,1.5,,,,,,,,,,,,,,,,,,,,,,,,,,,,,,,,
GKSBiJC0,29-09-2024,,Brasil,Série A,2024,,Fortaleza,Cuiabá,,,,,2.3,6.0,2.1,2.4,6.0,2.05,,,,,6.0,6.5,1.13,1.11,,,,,1.67,1.11,1.57,1.73,1.11,1.53,,,,,,,,,,,,,,,,,,,,,,,,,,,,,,,,
McT7hacf,29-09-2024,,Brasil,Série A,2024,,São Paulo,"Corinthians
2",,,,,2.37,6.0,1.98,3.5,3.75,1.85,,,,,5.5,5.6,1.12,1.12,,,,,1.72,1.14,1.57,1.83,1.27,1.3,,,,,,,,,,,,,,,,,,,,,,,,,,,,,,,,
CnMKkcsD,29-09-2024,,Brasil,Série A,2024,,Juventude,Red Bull Bragantino,,,,,3.1,3.9,1.95,3.15,3.45,2.07,,,,,4.6,4.0,1.17,1.22,,,,,1.75,1.26,1.37,1.7,1.31,1.35,,,,,,,,,,,,,,,,,,,,,,,,,,,,,,,,
QVZbfLSs,28-09-2024,,Brasil,Série A,2024,,Botafogo,Grêmio,,,,,2.37,5.6,2.05,2.22,5.2,2.22,,,,,4.8,4.5,1.16,1.18,,,,,1.7,1.15,1.57,1.6,1.17,1.65,,,,,,,,,,,,,,,,,,,,,,,,,,,,,,,,
r7U3gurl,28-09-2024,,Brasil,Série A,2024,,Palmeiras,Atlético-MG,,,,,2.2,6.1,2.12,2.27,5.3,2.15,,,,,4.8,4.65,1.16,1.17,,,,,1.62,1.14,1.65,1.62,1.17,1.62,,,,,,,,,,,,,,,,,,,,,,,,,,,,,,,,
dWVneUsJ,25-09-2024,,Brasil,Série A,2024,,Grêmio,Criciúma,,,,,2.1,6.5,2.2,2.3,5.0,2.2,,,,,6.0,5.5,1.13,1.14,,,,,1.62,1.1,1.67,1.62,1.14,1.57,,,,,,,,,,,,,,,,,,,,,,,,,,,,,,,,
0WMFQzjf,25-09-2024,,Brasil,Série A,2024,,Red Bull Bragantino,Internacional,,,,,3.2,3.6,1.91,3.75,2.88,2.0,,,,,1.9,1.87,1.87,1.9,,,,,1.33,1.36,1.5,1.33,1.57,1.33,,,,,,,,,,,,,,,,,,,,,,,,,,,,,,,,
2DWzj6yd,22-09-2024,,Brasil,Série A,2024,,Criciúma,Athletico-PR,,,,,3.2,3.75,2.0,2.88,4.0,2.1,,,,,5.5,5.0,1.14,1.17,,,,,1.73,1.25,1.36,1.67,1.22,1.4,,,,,,,,,,,,,,,,,,,,,,,,,,,,,,,,
YwSWjnMk,22-09-2024,,Brasil,Série A,2024,,Cuiabá,Cruzeiro,,,,,3.25,3.6,1.98,3.6,3.7,1.85,,,,,5.0,5.3,1.15,1.14,,,,,1.72,1.29,1.34,1.85,1.28,1.29,,,,,,,,,,,,,,,,,,,,,,,,,,,,,,,,
rZU5xm7d,22-09-2024,,Brasil,Série A,2024,,Grêmio,Flamengo,,,,,3.5,3.1,2.1,2.5,5.0,2.1,,,,,5.0,5.5,1.17,1.14,,,,,1.67,1.36,1.29,1.67,1.14,1.5,,,,,,,,,,,,,,,,,,,,,,,,,,,,,,,,
l6j0d8bS,22-09-2024,,Brasil,Série A,2024,,São Paulo,Internacional,,,,,2.63,5.0,2.0,3.75,3.6,1.83,,,,,6.0,6.5,1.13,1.11,,,,,1.73,1.14,1.44,1.83,1.29,1.25,,,,,,,,,,,,,,,,,,,,,,,,,,,,,,,,
dxJm1Wqc,22-09-2024,,Brasil,Série A,2024,,Atlético-MG,Red Bull Bragantino,,,,,2.5,4.75,2.1,2.88,4.0,2.05,,,,,5.5,5.5,1.14,1.14,,,,,1.67,1.17,1.5,1.73,1.22,1.4,,,,,,,,,,,,,,,,,,,,,,,,,,,,,,,,
ttmhbUTF,22-09-2024,,Brasil,Série A,2024,,Vasco,Palmeiras,,,,,3.75,3.0,2.1,4.5,2.4,2.25,,,,,5.0,4.5,1.17,1.18,,,,,1.67,1.36,1.25,1.57,1.53,1.17,,,,,,,,,,,,,,,,,,,,,,,,,,,,,,,,
fmTSiS6q,21-09-2024,,Brasil,Série A,2024,,Fortaleza,Bahia,,,,,2.6,4.5,2.0,3.25,3.4,1.91,,,,,1.85,1.8,1.85,1.87,,,,,1.25,1.22,1.73,1.33,1.36,1.44,,,,,,,,,,,,,,,,,,,,,,,,,,,,,,,,
2kllaAE9,21-09-2024,,Brasil,Série A,2024,,Fluminense,Botafogo,,,,,3.25,3.55,2.0,4.1,2.95,1.98,,,,,5.0,4.65,1.15,1.17,,,,,1.72,1.3,1.34,1.72,1.4,1.23,,,,,,,,,,,,,,,,,,,,,,,,,,,,,,,,
z3ndclqM,21-09-2024,,Brasil,Série A,2024,,Corinthians,Atlético-GO,,,,,2.25,6.33,2.05,2.14,6.33,2.2,,,,,6.0,6.0,1.13,1.13,,,,,1.23,1.15,2.16,1.23,1.13,2.25,,,,,,,,,,,,,,,,,,,,,,,,,,,,,,,,
zTHi0ja3,21-09-2024,,Brasil,Série A,2024,,Vitória,Juventude,,,,,2.82,4.15,2.02,2.62,4.8,2.0,,,,,4.75,4.75,1.16,1.16,,,,,1.7,1.23,1.42,1.72,1.19,1.47,,,,,,,,,,,,,,,,,,,,,,,,,,,,,,,,
Y3BNP9Nj,16-09-2024,,Brasil,Série A,2024,,Internacional,Cuiabá,,,,,2.3,6.5,2.05,2.1,8.0,2.1,,,,,6.5,7.0,1.11,1.1,,,,,1.73,1.1,1.57,1.67,1.06,1.67,,,,,,,,,,,,,,,,,,,,,,,,,,,,,,,,
lCgAmDFc,15-09-2024,,Brasil,Série A,2024,,Bahia,Atlético-MG,,,,,3.0,3.65,2.07,2.55,4.45,2.12,,,,,4.7,4.4,1.17,1.19,,,,,1.65,1.28,1.39,1.62,1.21,1.5,,,,,,,,,,,,,,,,,,,,,,,,,,,,,,,,
ALf6lg0i,15-09-2024,,Brasil,Série A,2024,,Cruzeiro,São Paulo,,,,,2.82,4.2,2.0,2.55,5.4,1.95,,,,,5.1,5.3,1.14,1.13,,,,,1.72,1.23,1.42,1.72,1.16,1.5,,,,,,,,,,,,,,,,,,,,,,,,,,,,,,,,
rZhEnXU3,15-09-2024,,Brasil,Série A,2024,,Flamengo,Vasco,,,,,2.2,5.5,2.3,2.4,5.5,2.1,,,,,5.0,5.5,1.17,1.14,,,,,1.57,1.13,1.62,1.67,1.13,1.53,,,,,,,,,,,,,,,,,,,,,,,,,,,,,,,,
UVQ1wTij,15-09-2024,,Brasil,Série A,2024,,Juventude,Fluminense,,,,,3.4,3.45,1.98,3.65,3.25,1.98,,,,,5.2,5.0,1.14,1.15,,,,,1.75,1.31,1.31,1.75,1.34,1.28,,,,,,,,,,,,,,,,,,,,,,,,,,,,,,,,
xYoNpBaG,15-09-2024,,Brasil,Série A,2024,,Palmeiras,Criciúma,,,,,1.91,7.3,2.32,1.75,8.5,2.52,,,,,4.85,4.6,1.16,1.17,,,,,1.53,1.1,1.87,1.47,1.08,2.07,,,,,,,,,,,,,,,,,,,,,,,,,,,,,,,,
GOpRqVEM,15-09-2024,,Brasil,Série A,2024,,Red Bull Bragantino,Grêmio,,,,,2.87,4.1,2.02,3.05,3.4,2.15,,,,,4.8,3.85,1.16,1.24,,,,,1.7,1.24,1.42,1.62,1.32,1.38,,,,,,,,,,,,,,,,,,,,,,,,,,,,,,,,
f9dIoipA,14-09-2024,,Brasil,Série A,2024,,Botafogo,Corinthians,,,,,2.16,6.0,2.16,2.14,6.33,2.2,,,,,6.0,5.5,1.13,1.14,,,,,1.23,1.14,2.2,1.25,1.14,2.14,,,,,,,,,,,,,,,,,,,,,,,,,,,,,,,,
pbkVrkUS,14-09-2024,,Brasil,Série A,2024,,Athletico-PR,Fortaleza,,,,,2.95,3.95,2.02,2.42,4.35,2.22,,,,,5.1,4.0,1.15,1.22,,,,,1.72,1.25,1.39,1.6,1.22,1.55,,,,,,,,,,,,,,,,,,,,,,,,,,,,,,,,
n7ycv9xp,14-09-2024,,Brasil,Série A,2024,,Atlético-GO,Vitória,,,,,2.88,4.0,2.05,2.63,4.75,2.05,,,,,5.5,6.0,1.14,1.13,,,,,1.73,1.22,1.4,1.73,1.17,1.44,,,,,,,,,,,,,,,,,,,,,,,,,,,,,,,,
6Hidn9IU,11-09-2024,,Brasil,Série A,2024,,Internacional,Fortaleza,,,,,2.63,5.0,2.0,2.75,4.5,2.0,,,,,6.0,6.0,1.13,1.13,,,,,1.73,1.14,1.44,1.73,1.17,1.4,,,,,,,,,,,,,,,,,,,,,,,,,,,,,,,,
8dQNOEK6,05-09-2024,,Brasil,Série A,2024,,Cuiabá,Juventude,,,,,2.92,4.15,1.98,2.75,4.1,2.07,,,,,5.3,4.5,1.14,1.18,,,,,1.72,1.23,1.4,1.65,1.24,1.45,,,,,,,,,,,,,,,,,,,,,,,,,,,,,,,,
OULmWBpN,01-09-2024,,Brasil,Série A,2024,,Athletico-PR,Palmeiras,,,,,3.5,3.5,2.0,4.0,2.63,2.2,,,,,5.5,4.5,1.14,1.18,,,,,1.73,1.29,1.29,1.62,1.44,1.22,,,,,,,,,,,,,,,,,,,,,,,,,,,,,,,,
GbZWZgob,01-09-2024,,Brasil,Série A,2024,,Fluminense,São Paulo,,,,,3.3,3.75,1.91,3.15,4.35,1.85,,,,,5.1,5.5,1.14,1.13,,,,,1.78,1.27,1.33,1.83,1.22,1.36,,,,,,,,,,,,,,,,,,,,,,,,,,,,,,,,
fDCJQk8p,01-09-2024,,Brasil,Série A,2024,,Juventude,Internacional,,,,,4.0,3.2,1.9,4.05,2.85,2.02,,,,,5.1,4.45,1.15,1.18,,,,,1.8,1.34,1.25,1.7,1.42,1.24,,,,,,,,,,,,,,,,,,,,,,,,,,,,,,,,
t6WrXiVG,01-09-2024,,Brasil,Série A,2024,,Red Bull Bragantino,Bahia,,,,,2.92,3.9,2.02,2.87,3.6,2.15,,,,,4.5,4.0,1.18,1.22,,,,,1.7,1.26,1.4,1.62,1.29,1.42,,,,,,,,,,,,,,,,,,,,,,,,,,,,,,,,
YZqSzzWi,01-09-2024,,Brasil,Série A,2024,,Vitória,Vasco,,,,,3.0,4.0,1.98,3.0,3.85,2.02,,,,,4.65,4.55,1.17,1.17,,,,,1.72,1.25,1.39,1.7,1.26,1.39,,,,,,,,,,,,,,,,,,,,,,,,,,,,,,,,
2FXvYXFA,01-09-2024,,Brasil,Série A,2024,,"Corinthians
2",Flamengo,,,,,4.0,3.0,2.05,3.4,4.0,1.91,,,,,5.5,6.5,1.14,1.11,,,,,1.73,1.36,1.22,1.8,1.22,1.3,,,,,,,,,,,,,,,,,,,,,,,,,,,,,,,,
KWuOyGGo,01-09-2024,,Brasil,Série A,2024,,Cruzeiro,Atlético-GO,,,,,2.1,7.0,2.2,2.38,6.5,2.0,,,,,6.0,7.0,1.13,1.1,,,,,1.62,1.08,1.67,1.73,1.1,1.53,,,,,,,,,,,,,,,,,,,,,,,,,,,,,,,,
6TitDWwo,01-09-2024,,Brasil,Série A,2024,,Grêmio,Atlético-MG,,,,,3.15,3.7,2.0,2.85,4.35,1.98,,,,,4.75,4.65,1.16,1.17,,,,,1.75,1.28,1.36,1.75,1.22,1.42,,,,,,,,,,,,,,,,,,,,,,,,,,,,,,,,
fkYzZD04,31-08-2024,,Brasil,Série A,2024,,Botafogo,Fortaleza,,,,,2.57,5.0,1.98,2.12,5.8,2.22,,,,,5.0,4.45,1.15,1.18,,,,,1.75,1.18,1.5,1.57,1.15,1.7,,,,,,,,,,,,,,,,,,,,,,,,,,,,,,,,
xYPiVVaT,31-08-2024,,Brasil,Série A,2024,,Cuiabá,Criciúma,,,,,2.7,4.33,2.0,2.6,4.5,2.0,,,,,1.85,1.9,1.85,1.87,,,,,1.29,1.25,1.67,1.33,1.2,1.73,,,,,,,,,,,,,,,,,,,,,,,,,,,,,,,,
bRfbqt2j,28-08-2024,,Brasil,Série A,2024,,Criciúma,Red Bull Bragantino,,,,,3.2,3.6,2.0,3.1,3.6,2.05,,,,,5.5,5.0,1.14,1.17,,,,,1.73,1.29,1.36,1.73,1.29,1.36,,,,,,,,,,,,,,,,,,,,,,,,,,,,,,,,
pnPUJDKJ,28-08-2024,,Brasil,Série A,2024,,Cruzeiro,Internacional,,,,,2.8,4.5,1.96,2.9,4.0,2.05,,,,,5.5,6.0,1.14,1.13,,,,,1.33,1.28,1.71,1.32,1.32,1.6,,,,,,,,,,,,,,,,,,,,,,,,,,,,,,,,
YL4gMzHb,26-08-2024,,Brasil,Série A,2024,,Vasco,Athletico-PR,,,,,2.87,3.95,2.05,2.7,4.15,2.1,,,,,4.9,4.2,1.15,1.2,,,,,1.7,1.25,1.42,1.65,1.24,1.45,,,,,,,,,,,,,,,,,,,,,,,,,,,,,,,,
fV5kNG1h,25-08-2024,,Brasil,Série A,2024,,Flamengo,Red Bull Bragantino,,,,,2.1,6.0,2.1,2.1,6.0,2.1,,,,,1.91,1.95,1.8,1.73,,,,,1.2,1.1,2.38,1.22,1.08,2.3,,,,,,,,,,,,,,,,,,,,,,,,,,,,,,,,
nRaZGuuJ,25-08-2024,,Brasil,Série A,2024,,Internacional,Cruzeiro,,,,,3.0,3.75,1.91,2.63,5.0,1.91,,,,,1.85,2.15,1.85,1.6,,,,,1.3,1.3,1.57,1.33,1.17,1.73,,,,,,,,,,,,,,,,,,,,,,,,,,,,,,,,
EVC1KEoB,25-08-2024,,Brasil,Série A,2024,,São Paulo,Vitória,,,,,2.0,7.5,2.25,2.38,6.0,2.05,,,,,6.0,6.5,1.13,1.11,,,,,1.57,1.07,1.73,1.73,1.11,1.53,,,,,,,,,,,,,,,,,,,,,,,,,,,,,,,,
Qe1oOdnn,25-08-2024,,Brasil,Série A,2024,,Bahia,Botafogo,,,,,3.2,3.6,2.05,2.88,3.75,2.2,,,,,5.5,4.5,1.14,1.18,,,,,1.73,1.29,1.36,1.62,1.25,1.4,,,,,,,,,,,,,,,,,,,,,,,,,,,,,,,,
4K5EHCVT,25-08-2024,,Brasil,Série A,2024,,Criciúma,Grêmio,,,,,3.5,3.25,1.91,3.4,3.25,2.0,,,,,1.85,1.8,1.85,1.87,,,,,1.33,1.44,1.36,1.3,1.44,1.4,,,,,,,,,,,,,,,,,,,,,,,,,,,,,,,,
8hC5JY0H,25-08-2024,,Brasil,Série A,2024,,Fortaleza,Corinthians,,,,,2.38,5.5,2.1,2.75,4.5,2.0,,,,,6.0,6.0,1.13,1.13,,,,,1.67,1.13,1.53,1.73,1.17,1.4,,,,,,,,,,,,,,,,,,,,,,,,,,,,,,,,
n52sPxXu,24-08-2024,,Brasil,Série A,2024,,Atlético-MG,Fluminense,,,,,2.3,5.5,2.0,2.5,5.5,1.91,,,,,1.91,2.2,1.8,1.57,,,,,1.25,1.13,2.0,1.3,1.14,1.83,,,,,,,,,,,,,,,,,,,,,,,,,,,,,,,,
GpfbLfW4,24-08-2024,,Brasil,Série A,2024,,Palmeiras,Cuiabá,,,,,1.83,8.5,2.38,2.0,7.5,2.25,,,,,6.0,6.0,1.13,1.13,,,,,1.53,1.05,1.83,1.57,1.07,1.73,,,,,,,,,,,,,,,,,,,,,,,,,,,,,,,,
nqB9IhGN,24-08-2024,,Brasil,Série A,2024,,Atlético-GO,Juventude,,,,,3.0,4.0,2.0,2.4,4.75,2.2,,,,,5.5,5.0,1.14,1.17,,,,,1.73,1.22,1.36,1.62,1.17,1.53,,,,,,,,,,,,,,,,,,,,,,,,,,,,,,,,
S01oS5mK,19-08-2024,,Brasil,Série A,2024,,Vitória,Cruzeiro,,,,,3.95,2.87,2.05,3.55,3.65,1.87,,,,,4.5,5.2,1.18,1.14,,,,,1.7,1.42,1.25,1.82,1.28,1.29,,,,,,,,,,,,,,,,,,,,,,,,,,,,,,,,
0AcNJse0,18-08-2024,,Brasil,Série A,2024,,Athletico-PR,Juventude,,,,,2.32,5.4,2.1,2.27,4.85,2.25,,,,,5.2,4.2,1.14,1.2,,,,,1.65,1.16,1.6,1.57,1.19,1.62,,,,,,,,,,,,,,,,,,,,,,,,,,,,,,,,
norIMqBs,18-08-2024,,Brasil,Série A,2024,,Botafogo,Flamengo,,,,,3.05,3.65,2.05,2.95,3.9,2.02,,,,,4.45,4.3,1.18,1.19,,,,,1.7,1.28,1.38,1.7,1.26,1.39,,,,,,,,,,,,,,,,,,,,,,,,,,,,,,,,
v1dRI1A6,18-08-2024,,Brasil,Série A,2024,,Atlético-GO,Internacional,,,,,4.2,2.85,2.0,3.8,3.3,1.91,,,,,5.0,5.0,1.15,1.15,,,,,1.72,1.42,1.23,1.78,1.33,1.27,,,,,,,,,,,,,,,,,,,,,,,,,,,,,,,,
YNeVHLPC,18-08-2024,,Brasil,Série A,2024,,Criciúma,Vasco,,,,,2.88,3.75,2.1,2.75,4.33,2.05,,,,,5.0,5.5,1.17,1.14,,,,,1.67,1.25,1.4,1.73,1.2,1.4,,,,,,,,,,,,,,,,,,,,,,,,,,,,,,,,
t8sML3Qm,18-08-2024,,Brasil,Série A,2024,,Palmeiras,São Paulo,,,,,2.42,5.0,2.08,2.36,6.0,2.05,,,,,5.5,6.5,1.14,1.11,,,,,1.32,1.2,1.92,1.3,1.16,2.08,,,,,,,,,,,,,,,,,,,,,,,,,,,,,,,,
APjjRP2Q,17-08-2024,,Brasil,Série A,2024,,Fluminense,Corinthians,,,,,2.62,4.85,2.0,3.3,4.0,1.85,,,,,5.1,5.2,1.15,1.14,,,,,1.72,1.19,1.47,1.83,1.24,1.33,,,,,,,,,,,,,,,,,,,,,,,,,,,,,,,,
KbtQKNuf,17-08-2024,,Brasil,Série A,2024,,Red Bull Bragantino,Fortaleza,,,,,3.0,4.0,2.05,3.25,3.5,2.05,,,,,5.5,5.5,1.14,1.14,,,,,1.73,1.22,1.36,1.73,1.29,1.33,,,,,,,,,,,,,,,,,,,,,,,,,,,,,,,,
lA2sToYD,17-08-2024,,Brasil,Série A,2024,,Atlético-MG,Cuiabá,,,,,2.27,5.5,2.15,2.55,5.4,1.95,,,,,4.9,5.2,1.15,1.14,,,,,1.62,1.16,1.62,1.72,1.16,1.5,,,,,,,,,,,,,,,,,,,,,,,,,,,,,,,,
0f9a42eD,17-08-2024,,Brasil,Série A,2024,,Grêmio,Bahia,,,,,3.4,3.4,2.05,3.4,3.4,2.05,,,,,5.5,5.5,1.14,1.14,,,,,1.73,1.3,1.3,1.73,1.3,1.3,,,,,,,,,,,,,,,,,,,,,,,,,,,,,,,,
UDyM77RO,14-08-2024,,Brasil,Série A,2024,,Internacional,Juventude,,,,,2.1,6.5,2.2,2.1,6.0,2.3,,,,,6.0,5.0,1.13,1.17,,,,,1.62,1.1,1.67,1.57,1.11,1.67,,,,,,,,,,,,,,,,,,,,,,,,,,,,,,,,
QyeHiPB7,11-08-2024,,Brasil,Série A,2024,,Internacional,Athletico-PR,,,,,3.1,4.33,1.95,2.63,4.75,2.05,,,,,6.0,6.0,1.13,1.13,,,,,1.8,1.2,1.36,1.73,1.17,1.44,,,,,,,,,,,,,,,,,,,,,,,,,,,,,,,,
tpw4FS3E,11-08-2024,,Brasil,Série A,2024,,Bahia,Vitória,,,,,2.3,5.0,2.25,2.25,6.0,2.1,,,,,5.0,6.0,1.17,1.13,,,,,1.57,1.14,1.57,1.67,1.11,1.57,,,,,,,,,,,,,,,,,,,,,,,,,,,,,,,,
z7x8EnJK,11-08-2024,,Brasil,Série A,2024,,Flamengo,Palmeiras,,,,,2.7,4.0,2.0,2.25,5.5,2.0,,,,,1.73,1.87,2.0,1.8,,,,,1.29,1.25,1.67,1.25,1.13,2.1,,,,,,,,,,,,,,,,,,,,,,,,,,,,,,,,
YsIr8pdl,11-08-2024,,Brasil,Série A,2024,,São Paulo,Atlético-GO,,,,,2.0,6.5,2.1,2.5,4.5,1.91,,,,,2.1,2.0,1.65,1.75,,,,,1.17,1.08,2.6,1.3,1.17,1.83,,,,,,,,,,,,,,,,,,,,,,,,,,,,,,,,
M3Ae5rt7,11-08-2024,,Brasil,Série A,2024,,Juventude,Botafogo,,,,,4.2,2.7,2.0,4.33,2.63,2.0,,,,,1.75,1.8,1.95,1.87,,,,,1.29,1.73,1.22,1.3,1.73,1.2,,,,,,,,,,,,,,,,,,,,,,,,,,,,,,,,
fiJv9Qtr,10-08-2024,,Brasil,Série A,2024,,Corinthians,Red Bull Bragantino,,,,,2.92,3.85,2.05,2.9,4.25,1.98,,,,,4.4,4.6,1.19,1.17,,,,,1.7,1.26,1.4,1.75,1.23,1.4,,,,,,,,,,,,,,,,,,,,,,,,,,,,,,,,
StZaG8l8,10-08-2024,,Brasil,Série A,2024,,Cruzeiro,Atlético-MG,,,,,2.63,4.0,2.2,3.1,4.0,1.95,,,,,4.5,6.0,1.18,1.13,,,,,1.62,1.22,1.44,1.8,1.22,1.36,,,,,,,,,,,,,,,,,,,,,,,,,,,,,,,,
EcyCD6YQ,10-08-2024,,Brasil,Série A,2024,,Vasco,Fluminense,,,,,3.0,3.6,2.08,3.5,3.6,1.93,,,,,5.5,6.0,1.14,1.13,,,,,1.35,1.37,1.55,1.38,1.41,1.46,,,,,,,,,,,,,,,,,,,,,,,,,,,,,,,,
vuLj6OQ0,10-08-2024,,Brasil,Série A,2024,,Cuiabá,Grêmio,,,,,3.25,3.5,2.05,3.5,3.75,1.91,,,,,5.5,6.5,1.14,1.11,,,,,1.73,1.29,1.33,1.8,1.25,1.29,,,,,,,,,,,,,,,,,,,,,,,,,,,,,,,,
S4Hn74Bf,10-08-2024,,Brasil,Série A,2024,,Fortaleza,Criciúma,,,,,2.3,5.5,2.2,2.5,5.0,2.1,,,,,5.0,5.5,1.17,1.14,,,,,1.62,1.13,1.57,1.67,1.14,1.5,,,,,,,,,,,,,,,,,,,,,,,,,,,,,,,,
QgAI3V42,05-08-2024,,Brasil,Série A,2024,,Cruzeiro,Fortaleza,,,,,2.75,4.5,2.0,2.6,5.0,2.05,,,,,6.0,6.0,1.13,1.13,,,,,1.73,1.17,1.4,1.73,1.14,1.5,,,,,,,,,,,,,,,,,,,,,,,,,,,,,,,,
CjMzunS1,04-08-2024,,Brasil,Série A,2024,,Internacional,Palmeiras,,,,,3.6,3.4,1.95,3.1,4.0,2.0,,,,,6.0,5.5,1.13,1.14,,,,,1.8,1.3,1.29,1.73,1.22,1.36,,,,,,,,,,,,,,,,,,,,,,,,,,,,,,,,
EJr6fRRl,04-08-2024,,Brasil,Série A,2024,,Athletico-PR,Grêmio,,,,,2.5,5.0,2.1,2.25,5.5,2.2,,,,,5.5,5.5,1.14,1.14,,,,,1.67,1.14,1.5,1.62,1.13,1.57,,,,,,,,,,,,,,,,,,,,,,,,,,,,,,,,
fZ1Zam4R,04-08-2024,,Brasil,Série A,2024,,Corinthians,"Juventude
2",,,,,2.45,5.4,2.02,2.18,5.8,2.18,,,,,5.2,4.35,1.14,1.19,,,,,1.7,1.16,1.53,1.62,1.15,1.65,,,,,,,,,,,,,,,,,,,,,,,,,,,,,,,,
ML3R19ZE,04-08-2024,,Brasil,Série A,2024,,Fluminense,Bahia,,,,,3.0,3.75,2.1,2.75,4.33,2.05,,,,,5.0,5.5,1.17,1.14,,,,,1.67,1.25,1.36,1.73,1.2,1.4,,,,,,,,,,,,,,,,,,,,,,,,,,,,,,,,
Wfg1e7Cr,03-08-2024,,Brasil,Série A,2024,,São Paulo,Flamengo,,,,,3.25,3.35,2.05,2.95,4.4,1.9,,,,,4.65,5.3,1.17,1.13,,,,,1.7,1.32,1.34,1.8,1.21,1.39,,,,,,,,,,,,,,,,,,,,,,,,,,,,,,,,
hAsAgose,03-08-2024,,Brasil,Série A,2024,,Atlético-GO,Botafogo,,,,,4.0,2.9,2.02,3.7,3.05,2.05,,,,,5.0,4.6,1.15,1.17,,,,,1.7,1.4,1.25,1.7,1.38,1.28,,,,,,,,,,,,,,,,,,,,,,,,,,,,,,,,
nodDh5d1,03-08-2024,,Brasil,Série A,2024,,Criciúma,Atlético-MG,,,,,3.65,3.1,2.02,4.5,2.65,2.05,,,,,4.65,5.0,1.17,1.15,,,,,1.7,1.36,1.29,1.7,1.47,1.21,,,,,,,,,,,,,,,,,,,,,,,,,,,,,,,,
0C2V0TlL,03-08-2024,,Brasil,Série A,2024,,Vasco,Red Bull Bragantino,,,,,2.88,4.0,2.05,2.5,3.75,2.4,,,,,5.5,3.75,1.14,1.25,,,,,1.73,1.22,1.4,1.53,1.25,1.5,,,,,,,,,,,,,,,,,,,,,,,,,,,,,,,,
4p9M2kK8,03-08-2024,,Brasil,Série A,2024,,Vitória,Cuiabá,,,,,3.0,4.0,2.0,3.75,3.6,1.83,,,,,5.5,7.0,1.14,1.1,,,,,1.73,1.22,1.36,1.83,1.29,1.25,,,,,,,,,,,,,,,,,,,,,,,,,,,,,,,,
vwnyihLd,28-07-2024,,Brasil,Série A,2024,,Atlético-MG,Corinthians,,,,,2.4,5.0,2.1,2.3,5.5,2.1,,,,,5.5,6.0,1.14,1.13,,,,,1.67,1.14,1.53,1.67,1.13,1.57,,,,,,,,,,,,,,,,,,,,,,,,,,,,,,,,
IiTRt8ck,28-07-2024,,Brasil,Série A,2024,,Cuiabá,Athletico-PR,,,,,3.25,3.6,1.98,3.1,3.95,1.95,,,,,4.9,4.9,1.15,1.16,,,,,1.75,1.29,1.34,1.75,1.25,1.36,,,,,,,,,,,,,,,,,,,,,,,,,,,,,,,,
xIg2r0Hd,28-07-2024,,Brasil,Série A,2024,,Grêmio,Vasco,,,,,3.1,3.5,2.07,2.67,4.3,2.07,,,,,4.75,4.4,1.16,1.19,,,,,1.7,1.3,1.36,1.7,1.22,1.47,,,,,,,,,,,,,,,,,,,,,,,,,,,,,,,,
CjpqkWk9,28-07-2024,,Brasil,Série A,2024,,Flamengo,Atlético-GO,,,,,1.78,8.75,2.42,1.78,8.5,2.45,,,,,5.6,5.0,1.12,1.15,,,,,1.5,1.08,2.02,1.47,1.08,2.02,,,,,,,,,,,,,,,,,,,,,,,,,,,,,,,,
n9xdnUZR,28-07-2024,,Brasil,Série A,2024,,Red Bull Bragantino,Fluminense,,,,,2.55,4.7,2.07,3.1,3.55,2.05,,,,,4.7,4.2,1.17,1.2,,,,,1.65,1.2,1.5,1.7,1.3,1.36,,,,,,,,,,,,,,,,,,,,,,,,,,,,,,,,
Qglmlj5F,27-07-2024,,Brasil,Série A,2024,,Botafogo,Cruzeiro,,,,,2.37,5.0,2.15,2.77,4.2,2.02,,,,,4.9,4.7,1.16,1.17,,,,,1.62,1.18,1.57,1.7,1.23,1.44,,,,,,,,,,,,,,,,,,,,,,,,,,,,,,,,
v1UNslrq,27-07-2024,,Brasil,Série A,2024,,Fortaleza,São Paulo,,,,,3.1,3.6,2.05,3.1,4.5,1.83,,,,,5.5,7.0,1.14,1.1,,,,,1.73,1.29,1.36,1.83,1.17,1.36,,,,,,,,,,,,,,,,,,,,,,,,,,,,,,,,
ITpujCz3,27-07-2024,,Brasil,Série A,2024,,Bahia,Internacional,,,,,2.63,4.5,2.05,2.75,4.5,2.05,,,,,5.5,5.5,1.14,1.14,,,,,1.73,1.17,1.44,1.73,1.17,1.4,,,,,,,,,,,,,,,,,,,,,,,,,,,,,,,,
0GIWuSCe,27-07-2024,,Brasil,Série A,2024,,Juventude,Criciúma,,,,,2.63,4.33,2.2,3.0,4.0,2.0,,,,,5.0,6.0,1.17,1.13,,,,,1.62,1.2,1.44,1.73,1.22,1.36,,,,,,,,,,,,,,,,,,,,,,,,,,,,,,,,
8IwhmAKL,27-07-2024,,Brasil,Série A,2024,,Palmeiras,Vitória,,,,,1.8,9.0,2.38,2.0,6.5,2.3,,,,,6.5,5.5,1.11,1.14,,,,,1.53,1.04,1.91,1.57,1.1,1.73,,,,,,,,,,,,,,,,,,,,,,,,,,,,,,,,
WCvI3Am5,25-07-2024,,Brasil,Série A,2024,,Corinthians,Grêmio,,,,,2.82,4.2,2.0,2.57,5.0,2.0,,,,,5.1,5.0,1.14,1.15,,,,,1.72,1.23,1.42,1.75,1.18,1.5,,,,,,,,,,,,,,,,,,,,,,,,,,,,,,,,
44efpMnp,24-07-2024,,Brasil,Série A,2024,,Atlético-GO,Bahia,,,,,3.5,3.25,2.05,3.6,3.1,2.1,,,,,5.5,5.0,1.14,1.17,,,,,1.73,1.33,1.29,1.67,1.36,1.29,,,,,,,,,,,,,,,,,,,,,,,,,,,,,,,,
OnyA5WIh,24-07-2024,,Brasil,Série A,2024,,Fluminense,Palmeiras,,,,,4.05,2.9,2.0,3.7,3.05,2.02,,,,,4.8,4.4,1.16,1.19,,,,,1.72,1.4,1.24,1.7,1.37,1.28,,,,,,,,,,,,,,,,,,,,,,,,,,,,,,,,
tOo56C3n,24-07-2024,,Brasil,Série A,2024,,Vitória,Flamengo,,,,,4.75,2.5,2.1,5.0,2.38,2.2,,,,,5.5,5.5,1.14,1.14,,,,,1.67,1.5,1.17,1.62,1.53,1.14,,,,,,,,,,,,,,,,,,,,,,,,,,,,,,,,
A3wM2U2B,24-07-2024,,Brasil,Série A,2024,,São Paulo,Botafogo,,,,,3.0,4.0,2.05,3.1,4.5,1.91,,,,,5.5,6.5,1.14,1.11,,,,,1.73,1.22,1.36,1.8,1.18,1.36,,,,,,,,,,,,,,,,,,,,,,,,,,,,,,,,
rNI0qXr7,24-07-2024,,Brasil,Série A,2024,,Criciúma,Fortaleza,,,,,3.25,3.6,2.0,3.4,3.4,2.0,,,,,5.5,5.5,1.14,1.14,,,,,1.73,1.29,1.33,1.73,1.3,1.3,,,,,,,,,,,,,,,,,,,,,,,,,,,,,,,,
rwT17hlt,24-07-2024,,Brasil,Série A,2024,,Cruzeiro,Juventude,,,,,2.22,6.1,2.1,2.05,6.8,2.2,,,,,5.2,4.8,1.14,1.16,,,,,1.65,1.13,1.65,1.6,1.11,1.75,,,,,,,,,,,,,,,,,,,,,,,,,,,,,,,,
AkbmlVmI,21-07-2024,,Brasil,Série A,2024,,Cuiabá,Fluminense,,,,,3.0,4.0,2.0,3.5,3.75,1.91,,,,,5.5,6.5,1.14,1.11,,,,,1.73,1.22,1.36,1.8,1.25,1.29,,,,,,,,,,,,,,,,,,,,,,,,,,,,,,,,
WbaqkBYB,21-07-2024,,Brasil,Série A,2024,,Fortaleza,Atlético-GO,,,,,2.1,6.5,2.2,2.38,5.0,2.2,,,,,6.0,5.5,1.13,1.14,,,,,1.62,1.1,1.67,1.62,1.14,1.53,,,,,,,,,,,,,,,,,,,,,,,,,,,,,,,,
SQhhmk3O,21-07-2024,,Brasil,Série A,2024,,Juventude,São Paulo,,,,,3.9,2.95,2.02,4.2,2.77,2.05,,,,,4.9,4.55,1.15,1.18,,,,,1.7,1.4,1.26,1.7,1.44,1.23,,,,,,,,,,,,,,,,,,,,,,,,,,,,,,,,
xx0ujiJ5,21-07-2024,,Brasil,Série A,2024,,Red Bull Bragantino,Athletico-PR,,,,,3.0,4.0,2.0,2.63,4.5,2.1,,,,,5.5,5.5,1.14,1.14,,,,,1.73,1.22,1.36,1.67,1.17,1.44,,,,,,,,,,,,,,,,,,,,,,,,,,,,,,,,
hpMdbFBP,21-07-2024,,Brasil,Série A,2024,,Atlético-MG,Vasco,,,,,2.62,4.3,2.12,2.32,4.9,2.18,,,,,4.3,4.25,1.19,1.2,,,,,1.65,1.22,1.47,1.62,1.18,1.6,,,,,,,,,,,,,,,,,,,,,,,,,,,,,,,,
fg8OgZJt,21-07-2024,,Brasil,Série A,2024,,Bahia,Corinthians,,,,,2.3,5.6,2.1,2.32,5.1,2.18,,,,,5.3,4.25,1.13,1.2,,,,,1.65,1.15,1.6,1.62,1.17,1.6,,,,,,,,,,,,,,,,,,,,,,,,,,,,,,,,
jurEZVYO,21-07-2024,,Brasil,Série A,2024,,Grêmio,Vitória,,,,,2.6,5.0,2.05,2.5,5.0,2.05,,,,,6.0,6.0,1.13,1.13,,,,,1.73,1.14,1.5,1.73,1.14,1.5,,,,,,,,,,,,,,,,,,,,,,,,,,,,,,,,
OYeyiX3a,20-07-2024,,Brasil,Série A,2024,,Palmeiras,Cruzeiro,,,,,2.25,5.5,2.15,2.27,5.1,2.2,,,,,5.1,4.4,1.15,1.19,,,,,1.62,1.16,1.62,1.6,1.18,1.62,,,,,,,,,,,,,,,,,,,,,,,,,,,,,,,,
tA6WiDlg,20-07-2024,,Brasil,Série A,2024,,Botafogo,Internacional,,,,,2.5,5.5,2.05,2.63,5.0,2.0,,,,,6.0,6.0,1.13,1.13,,,,,1.73,1.14,1.5,1.73,1.14,1.44,,,,,,,,,,,,,,,,,,,,,,,,,,,,,,,,
2J7ShgZn,20-07-2024,,Brasil,Série A,2024,,Flamengo,Criciúma,,,,,1.83,8.0,2.5,1.95,7.0,2.38,,,,,5.5,5.5,1.14,1.14,,,,,1.5,1.06,1.83,1.53,1.08,1.8,,,,,,,,,,,,,,,,,,,,,,,,,,,,,,,,
EZnkuz5m,17-07-2024,,Brasil,Série A,2024,,Botafogo,Palmeiras,,,,,3.4,3.5,2.0,3.5,3.2,2.1,,,,,5.5,5.0,1.14,1.17,,,,,1.73,1.29,1.3,1.67,1.36,1.29,,,,,,,,,,,,,,,,,,,,,,,,,,,,,,,,
4Ou2xYl6,17-07-2024,,Brasil,Série A,2024,,Fortaleza,Vitória,,,,,2.27,5.7,2.1,2.22,5.7,2.15,,,,,5.2,4.65,1.14,1.17,,,,,1.62,1.15,1.62,1.62,1.15,1.65,,,,,,,,,,,,,,,,,,,,,,,,,,,,,,,,
nmocwEZa,17-07-2024,,Brasil,Série A,2024,,São Paulo,Grêmio,,,,,2.25,6.0,2.1,2.2,6.5,2.2,,,,,6.0,6.0,1.13,1.13,,,,,1.67,1.11,1.57,1.62,1.11,1.62,,,,,,,,,,,,,,,,,,,,,,,,,,,,,,,,
rFv6yh4C,17-07-2024,,Brasil,Série A,2024,,Atlético-GO,Vasco,,,,,3.2,3.6,2.0,3.0,4.0,2.05,,,,,5.5,5.5,1.14,1.14,,,,,1.73,1.29,1.36,1.73,1.22,1.36,,,,,,,,,,,,,,,,,,,,,,,,,,,,,,,,
8dngvfKg,16-07-2024,,Brasil,Série A,2024,,Corinthians,Criciúma,,,,,2.45,4.85,2.1,2.35,5.1,2.12,,,,,5.0,4.4,1.15,1.19,,,,,1.65,1.19,1.55,1.62,1.17,1.57,,,,,,,,,,,,,,,,,,,,,,,,,,,,,,,,
xxvAzCJI,16-07-2024,,Brasil,Série A,2024,,Juventude,Atlético-MG,,,,,3.5,3.4,2.0,4.5,2.5,2.2,,,,,5.5,5.0,1.14,1.17,,,,,1.73,1.3,1.29,1.62,1.5,1.17,,,,,,,,,,,,,,,,,,,,,,,,,,,,,,,,
dI6IpdsQ,13-07-2024,,Brasil,Série A,2024,,Bahia,Cuiabá,,,,,2.18,6.2,2.12,2.25,5.9,2.1,,,,,5.4,4.65,1.13,1.17,,,,,1.65,1.13,1.65,1.65,1.14,1.62,,,,,,,,,,,,,,,,,,,,,,,,,,,,,,,,
IR7EoxSJ,13-07-2024,,Brasil,Série A,2024,,Cruzeiro,Red Bull Bragantino,,,,,2.75,4.33,2.05,2.88,4.0,2.1,,,,,5.5,5.5,1.14,1.14,,,,,1.73,1.2,1.4,1.67,1.22,1.4,,,,,,,,,,,,,,,,,,,,,,,,,,,,,,,,
pp2uZbrE,11-07-2024,,Brasil,Série A,2024,,Atlético-MG,São Paulo,,,,,2.92,3.95,2.02,3.2,3.7,1.98,,,,,5.0,4.65,1.15,1.17,,,,,1.7,1.25,1.4,1.75,1.27,1.35,,,,,,,,,,,,,,,,,,,,,,,,,,,,,,,,
bm6qYIcK,11-07-2024,,Brasil,Série A,2024,,Vitória,Botafogo,,,,,3.7,3.15,2.0,3.85,3.15,1.95,,,,,4.8,5.0,1.16,1.15,,,,,1.72,1.36,1.28,1.75,1.35,1.26,,,,,,,,,,,,,,,,,,,,,,,,,,,,,,,,
jLFSNYZC,11-07-2024,,Brasil,Série A,2024,,Criciúma,Fluminense,,,,,3.0,4.0,2.0,2.75,4.5,2.05,,,,,5.5,5.5,1.14,1.14,,,,,1.73,1.22,1.36,1.73,1.17,1.4,,,,,,,,,,,,,,,,,,,,,,,,,,,,,,,,
hA5mXxDQ,11-07-2024,,Brasil,Série A,2024,,Flamengo,Fortaleza,,,,,2.22,6.1,2.12,2.15,5.8,2.22,,,,,4.8,4.2,1.16,1.2,,,,,1.62,1.14,1.65,1.6,1.14,1.7,,,,,,,,,,,,,,,,,,,,,,,,,,,,,,,,
MuOBRGzl,11-07-2024,,Brasil,Série A,2024,,Palmeiras,Atlético-GO,,,,,1.8,9.5,2.38,1.91,7.0,2.4,,,,,6.5,5.5,1.11,1.14,,,,,1.53,1.04,1.91,1.53,1.08,1.8,,,,,,,,,,,,,,,,,,,,,,,,,,,,,,,,
fgMJPf50,10-07-2024,,Brasil,Série A,2024,,Athletico-PR,Bahia,,,,,2.75,4.33,2.1,3.0,3.75,2.1,,,,,5.5,5.0,1.14,1.17,,,,,1.67,1.2,1.4,1.67,1.25,1.36,,,,,,,,,,,,,,,,,,,,,,,,,,,,,,,,
fJiFSdLs,10-07-2024,,Brasil,Série A,2024,,Vasco,Corinthians,,,,,3.1,4.0,1.95,3.1,3.75,2.05,,,,,6.0,5.5,1.13,1.14,,,,,1.8,1.22,1.36,1.73,1.25,1.36,,,,,,,,,,,,,,,,,,,,,,,,,,,,,,,,
ruOdAF5D,10-07-2024,,Brasil,Série A,2024,,Grêmio,Cruzeiro,,,,,3.25,3.55,2.0,3.2,3.6,2.0,,,,,4.9,4.6,1.15,1.17,,,,,1.72,1.3,1.34,1.72,1.29,1.35,,,,,,,,,,,,,,,,,,,,,,,,,,,,,,,,
AT48W5MF,07-07-2024,,Brasil,Série A,2024,,Botafogo,Atlético-MG,,,,,2.88,4.0,2.1,2.63,4.5,2.1,,,,,5.0,5.5,1.17,1.14,,,,,1.67,1.22,1.4,1.67,1.17,1.44,,,,,,,,,,,,,,,,,,,,,,,,,,,,,,,,
zFKlCyy1,07-07-2024,,Brasil,Série A,2024,,Atlético-GO,Athletico-PR,,,,,3.6,3.4,2.0,2.6,4.75,2.1,,,,,6.0,5.5,1.13,1.14,,,,,1.73,1.3,1.29,1.67,1.17,1.5,,,,,,,,,,,,,,,,,,,,,,,,,,,,,,,,
2PSyFwir,07-07-2024,,Brasil,Série A,2024,,Palmeiras,Bahia,,,,,2.18,5.7,2.18,2.27,4.8,2.27,,,,,4.75,4.15,1.16,1.21,,,,,1.6,1.15,1.65,1.55,1.19,1.62,,,,,,,,,,,,,,,,,,,,,,,,,,,,,,,,
E1BaYRi3,07-07-2024,,Brasil,Série A,2024,,Vitória,Criciúma,,,,,2.75,4.33,2.1,2.88,4.0,2.05,,,,,5.0,5.5,1.17,1.14,,,,,1.67,1.2,1.4,1.73,1.22,1.4,,,,,,,,,,,,,,,,,,,,,,,,,,,,,,,,
M7ODAOad,07-07-2024,,Brasil,Série A,2024,,Internacional,Vasco,,,,,2.22,5.7,2.15,2.27,5.9,2.07,,,,,5.2,5.1,1.14,1.14,,,,,1.62,1.15,1.65,1.65,1.14,1.62,,,,,,,,,,,,,,,,,,,,,,,,,,,,,,,,
zBCeZ7xc,07-07-2024,,Brasil,Série A,2024,,Cruzeiro,Corinthians,,,,,2.4,5.5,2.1,2.5,5.0,2.1,,,,,6.0,5.5,1.13,1.14,,,,,1.67,1.13,1.53,1.67,1.14,1.5,,,,,,,,,,,,,,,,,,,,,,,,,,,,,,,,
dOLpDHLf,07-07-2024,,Brasil,Série A,2024,,Fortaleza,Fluminense,,,,,2.5,4.65,2.1,2.27,5.5,2.15,,,,,4.9,4.5,1.15,1.18,,,,,1.65,1.2,1.52,1.62,1.16,1.62,,,,,,,,,,,,,,,,,,,,,,,,,,,,,,,,
4lPhBej7,07-07-2024,,Brasil,Série A,2024,,Juventude,Grêmio,,,,,3.2,3.75,2.0,3.4,3.5,2.0,,,,,6.0,5.5,1.13,1.14,,,,,1.73,1.25,1.36,1.73,1.29,1.3,,,,,,,,,,,,,,,,,,,,,,,,,,,,,,,,
Wx64Xo79,06-07-2024,,Brasil,Série A,2024,,Flamengo,Cuiabá,,,,,1.91,7.6,2.3,1.98,7.4,2.22,,,,,5.5,5.4,1.13,1.13,,,,,1.55,1.1,1.87,1.57,1.1,1.8,,,,,,,,,,,,,,,,,,,,,,,,,,,,,,,,
EaWuEc6l,06-07-2024,,Brasil,Série A,2024,,São Paulo,Red Bull Bragantino,,,,,2.5,4.75,2.1,2.63,4.75,2.0,,,,,5.5,6.0,1.14,1.13,,,,,1.67,1.17,1.5,1.73,1.17,1.44,,,,,,,,,,,,,,,,,,,,,,,,,,,,,,,,
xGpVInhG,04-07-2024,,Brasil,Série A,2024,,Corinthians,Vitória,,,,,2.37,5.3,2.07,2.35,5.5,2.07,,,,,5.2,4.6,1.14,1.17,,,,,1.65,1.16,1.57,1.65,1.16,1.57,,,,,,,,,,,,,,,,,,,,,,,,,,,,,,,,
tliMK8N3,04-07-2024,,Brasil,Série A,2024,,Fluminense,Internacional,,,,,3.2,3.75,2.0,3.6,3.6,1.91,,,,,5.5,6.5,1.14,1.11,,,,,1.73,1.25,1.36,1.8,1.29,1.29,,,,,,,,,,,,,,,,,,,,,,,,,,,,,,,,
nRiILl8c,04-07-2024,,Brasil,Série A,2024,,Bahia,Juventude,,,,,2.05,6.5,2.25,2.05,6.0,2.38,,,,,5.5,4.5,1.14,1.18,,,,,1.57,1.1,1.73,1.53,1.11,1.73,,,,,,,,,,,,,,,,,,,,,,,,,,,,,,,,
WI9VcoGj,04-07-2024,,Brasil,Série A,2024,,Grêmio,Palmeiras,,,,,4.15,2.82,2.02,3.75,3.0,2.05,,,,,4.85,4.55,1.16,1.18,,,,,1.72,1.42,1.23,1.7,1.39,1.27,,,,,,,,,,,,,,,,,,,,,,,,,,,,,,,,
OWrwHQMS,03-07-2024,,Brasil,Série A,2024,,Athletico-PR,São Paulo,,,,,3.0,4.0,2.0,3.0,4.0,2.0,,,,,5.5,5.5,1.14,1.14,,,,,1.73,1.22,1.36,1.73,1.22,1.36,,,,,,,,,,,,,,,,,,,,,,,,,,,,,,,,
8zgEMUhi,03-07-2024,,Brasil,Série A,2024,,Atlético-MG,Flamengo,,,,,3.4,3.5,2.0,3.5,3.5,2.0,,,,,5.5,6.0,1.14,1.13,,,,,1.73,1.29,1.3,1.73,1.29,1.29,,,,,,,,,,,,,,,,,,,,,,,,,,,,,,,,
G6qZH67M,03-07-2024,,Brasil,Série A,2024,,Red Bull Bragantino,Atlético-GO,,,,,2.38,5.5,2.1,2.5,5.0,2.1,,,,,5.5,5.5,1.14,1.14,,,,,1.67,1.13,1.53,1.67,1.14,1.5,,,,,,,,,,,,,,,,,,,,,,,,,,,,,,,,
84K9B4pj,03-07-2024,,Brasil,Série A,2024,,Criciúma,Cruzeiro,,,,,3.6,3.25,2.0,3.25,4.0,1.95,,,,,5.5,6.0,1.14,1.13,,,,,1.73,1.33,1.29,1.8,1.22,1.33,,,,,,,,,,,,,,,,,,,,,,,,,,,,,,,,
fieQJSxA,03-07-2024,,Brasil,Série A,2024,,Vasco,Fortaleza,,,,,3.1,3.75,2.0,3.0,3.75,2.05,,,,,5.5,5.5,1.14,1.14,,,,,1.73,1.25,1.36,1.73,1.25,1.36,,,,,,,,,,,,,,,,,,,,,,,,,,,,,,,,
QuV4CpVq,03-07-2024,,Brasil,Série A,2024,,Cuiabá,Botafogo,,,,,3.8,3.05,2.0,3.3,3.7,1.93,,,,,5.0,4.8,1.15,1.16,,,,,1.72,1.38,1.27,1.78,1.28,1.33,,,,,,,,,,,,,,,,,,,,,,,,,,,,,,,,
GnHm698A,01-07-2024,,Brasil,Série A,2024,,Palmeiras,Corinthians,,,,,2.05,8.0,2.1,2.2,5.5,2.3,,,,,7.0,5.0,1.1,1.17,,,,,1.67,1.06,1.73,1.57,1.13,1.62,,,,,,,,,,,,,,,,,,,,,,,,,,,,,,,,
hSARbR0p,30-06-2024,,Brasil,Série A,2024,,Criciúma,Internacional,,,,,3.95,3.15,1.93,3.65,3.5,1.9,,,,,4.9,5.2,1.15,1.14,,,,,1.75,1.36,1.25,1.8,1.3,1.28,,,,,,,,,,,,,,,,,,,,,,,,,,,,,,,,
8MDu8Vwb,30-06-2024,,Brasil,Série A,2024,,Flamengo,Cruzeiro,,,,,2.15,6.2,2.15,2.22,5.3,2.22,,,,,5.4,4.4,1.13,1.19,,,,,1.62,1.13,1.7,1.6,1.16,1.65,,,,,,,,,,,,,,,,,,,,,,,,,,,,,,,,
QcOz9BOi,30-06-2024,,Brasil,Série A,2024,,Vitória,Athletico-PR,,,,,3.75,3.25,2.0,3.0,4.0,2.0,,,,,5.5,6.0,1.14,1.13,,,,,1.73,1.33,1.25,1.73,1.22,1.36,,,,,,,,,,,,,,,,,,,,,,,,,,,,,,,,
x25d4mwN,30-06-2024,,Brasil,Série A,2024,,Fortaleza,Juventude,,,,,2.2,6.3,2.1,2.15,6.0,2.18,,,,,5.6,4.55,1.12,1.18,,,,,1.65,1.13,1.65,1.6,1.14,1.7,,,,,,,,,,,,,,,,,,,,,,,,,,,,,,,,
biWlo8Wp,30-06-2024,,Brasil,Série A,2024,,Grêmio,Fluminense,,,,,3.1,3.75,2.05,2.6,4.75,2.05,,,,,5.5,5.5,1.14,1.14,,,,,1.73,1.25,1.36,1.73,1.17,1.5,,,,,,,,,,,,,,,,,,,,,,,,,,,,,,,,
fwGi5TNG,30-06-2024,,Brasil,Série A,2024,,São Paulo,Bahia,,,,,2.75,4.33,2.05,2.63,4.5,2.05,,,,,5.5,5.5,1.14,1.14,,,,,1.73,1.2,1.4,1.73,1.17,1.44,,,,,,,,,,,,,,,,,,,,,,,,,,,,,,,,
CfKW9i9o,30-06-2024,,Brasil,Série A,2024,,Atlético-MG,Atlético-GO,,,,,1.95,8.0,2.2,2.55,4.5,2.1,,,,,6.0,4.45,1.11,1.18,,,,,1.57,1.09,1.83,1.65,1.21,1.5,,,,,,,,,,,,,,,,,,,,,,,,,,,,,,,,
zmOa37hT,29-06-2024,,Brasil,Série A,2024,,Cuiabá,Red Bull Bragantino,,,,,3.5,3.5,1.95,3.5,3.5,1.95,,,,,6.0,6.0,1.13,1.13,,,,,1.8,1.29,1.29,1.8,1.29,1.29,,,,,,,,,,,,,,,,,,,,,,,,,,,,,,,,
nDCq7kg4,29-06-2024,,Brasil,Série A,2024,,Vasco,Botafogo,,,,,3.6,3.25,1.98,3.7,3.15,1.98,,,,,4.85,4.35,1.16,1.19,,,,,1.72,1.34,1.29,1.75,1.35,1.28,,,,,,,,,,,,,,,,,,,,,,,,,,,,,,,,
rJUHhjvB,27-06-2024,,Brasil,Série A,2024,,São Paulo,Criciúma,,,,,2.1,6.2,2.22,2.05,6.1,2.27,,,,,5.1,4.6,1.14,1.17,,,,,1.6,1.13,1.72,1.57,1.14,1.75,,,,,,,,,,,,,,,,,,,,,,,,,,,,,,,,
80x5ehfh,27-06-2024,,Brasil,Série A,2024,,Fluminense,Vitória,,,,,2.32,5.3,2.12,2.45,4.6,2.15,,,,,5.1,4.4,1.14,1.19,,,,,1.65,1.16,1.6,1.62,1.2,1.55,,,,,,,,,,,,,,,,,,,,,,,,,,,,,,,,
vRX0dYvn,26-06-2024,,Brasil,Série A,2024,,Bahia,Vasco,,,,,2.32,5.2,2.15,2.15,5.8,2.22,,,,,4.75,4.7,1.16,1.17,,,,,1.62,1.17,1.6,1.6,1.14,1.7,,,,,,,,,,,,,,,,,,,,,,,,,,,,,,,,
xtULiAgH,26-06-2024,,Brasil,Série A,2024,,Fortaleza,Palmeiras,,,,,3.6,3.1,2.1,3.75,3.2,2.0,,,,,5.0,5.5,1.17,1.14,,,,,1.67,1.36,1.29,1.73,1.36,1.25,,,,,,,,,,,,,,,,,,,,,,,,,,,,,,,,
zD7jxVgU,26-06-2024,,Brasil,Série A,2024,,Internacional,Atlético-MG,,,,,3.1,3.75,2.0,3.0,4.33,1.95,,,,,5.5,6.0,1.14,1.13,,,,,1.73,1.25,1.36,1.8,1.2,1.36,,,,,,,,,,,,,,,,,,,,,,,,,,,,,,,,
GWSPjU8N,26-06-2024,,Brasil,Série A,2024,,Atlético-GO,Grêmio,,,,,3.15,3.65,2.0,3.0,4.1,1.95,,,,,4.75,4.85,1.16,1.16,,,,,1.72,1.28,1.36,1.75,1.24,1.39,,,,,,,,,,,,,,,,,,,,,,,,,,,,,,,,
UFQDgWO4,26-06-2024,,Brasil,Série A,2024,,Corinthians,Cuiabá,,,,,2.4,5.4,2.05,2.75,4.75,1.93,,,,,5.5,5.3,1.13,1.13,,,,,1.7,1.16,1.55,1.78,1.19,1.44,,,,,,,,,,,,,,,,,,,,,,,,,,,,,,,,
drpNklOT,26-06-2024,,Brasil,Série A,2024,,Juventude,Flamengo,,,,,4.5,2.6,2.1,5.0,2.5,2.05,,,,,5.0,5.5,1.17,1.14,,,,,1.67,1.5,1.17,1.73,1.5,1.14,,,,,,,,,,,,,,,,,,,,,,,,,,,,,,,,
niy9fC9b,26-06-2024,,Brasil,Série A,2024,,Botafogo,Red Bull Bragantino,,,,,2.47,4.7,2.12,2.52,4.35,2.15,,,,,4.8,4.15,1.16,1.21,,,,,1.62,1.2,1.53,1.62,1.22,1.52,,,,,,,,,,,,,,,,,,,,,,,,,,,,,,,,
0zZdcEPu,26-06-2024,,Brasil,Série A,2024,,Cruzeiro,Athletico-PR,,,,,3.0,4.0,2.05,2.88,4.33,2.0,,,,,5.5,6.0,1.14,1.13,,,,,1.73,1.22,1.36,1.73,1.2,1.4,,,,,,,,,,,,,,,,,,,,,,,,,,,,,,,,
Srdk1NQD,23-06-2024,,Brasil,Série A,2024,,Atlético-MG,Fortaleza,,,,,2.32,5.6,2.1,2.35,5.3,2.1,,,,,5.3,4.85,1.14,1.16,,,,,1.65,1.15,1.6,1.65,1.16,1.57,,,,,,,,,,,,,,,,,,,,,,,,,,,,,,,,
fcCVtgua,23-06-2024,,Brasil,Série A,2024,,Palmeiras,Juventude,,,,,1.8,9.0,2.37,1.98,7.1,2.25,,,,,5.8,5.4,1.12,1.13,,,,,1.52,1.08,1.98,1.57,1.11,1.8,,,,,,,,,,,,,,,,,,,,,,,,,,,,,,,,
YmBZuDf5,23-06-2024,,Brasil,Série A,2024,,Red Bull Bragantino,Vitória,,,,,2.0,7.5,2.25,2.1,6.5,2.25,,,,,6.0,5.5,1.13,1.14,,,,,1.57,1.07,1.73,1.57,1.1,1.67,,,,,,,,,,,,,,,,,,,,,,,,,,,,,,,,
jP5vuX9B,23-06-2024,,Brasil,Série A,2024,,Athletico-PR,Corinthians,,,,,2.42,5.3,2.05,2.25,5.4,2.18,,,,,5.5,4.55,1.13,1.18,,,,,1.7,1.16,1.55,1.62,1.16,1.62,,,,,,,,,,,,,,,,,,,,,,,,,,,,,,,,
48JIqeet,23-06-2024,,Brasil,Série A,2024,,Bahia,Cruzeiro,,,,,2.7,4.25,2.07,2.72,4.25,2.07,,,,,4.9,4.5,1.15,1.18,,,,,1.7,1.23,1.45,1.7,1.23,1.45,,,,,,,,,,,,,,,,,,,,,,,,,,,,,,,,
nX8NrFAn,23-06-2024,,Brasil,Série A,2024,,Fluminense,Flamengo,,,,,5.0,2.4,2.1,5.0,2.38,2.2,,,,,5.5,5.0,1.14,1.17,,,,,1.67,1.53,1.14,1.62,1.53,1.14,,,,,,,,,,,,,,,,,,,,,,,,,,,,,,,,
0zDRsZPh,22-06-2024,,Brasil,Série A,2024,,Vasco,São Paulo,,,,,4.0,3.1,1.95,4.0,3.1,1.95,,,,,6.0,6.0,1.13,1.13,,,,,1.8,1.36,1.22,1.8,1.36,1.22,,,,,,,,,,,,,,,,,,,,,,,,,,,,,,,,
UF4rviPH,22-06-2024,,Brasil,Série A,2024,,Cuiabá,Atlético-GO,,,,,2.92,4.15,1.98,2.77,4.7,1.93,,,,,5.1,5.2,1.14,1.14,,,,,1.72,1.23,1.4,1.78,1.2,1.44,,,,,,,,,,,,,,,,,,,,,,,,,,,,,,,,
ERh8xvlD,22-06-2024,,Brasil,Série A,2024,,Grêmio,Internacional,,,,,3.5,3.6,1.95,3.75,3.25,1.95,,,,,6.0,6.0,1.13,1.13,,,,,1.8,1.29,1.29,1.8,1.33,1.25,,,,,,,,,,,,,,,,,,,,,,,,,,,,,,,,
Ox4nwBvO,22-06-2024,,Brasil,Série A,2024,,Criciúma,Botafogo,,,,,4.2,2.77,2.05,3.7,2.95,2.07,,,,,5.0,4.3,1.15,1.19,,,,,1.7,1.44,1.23,1.7,1.39,1.28,,,,,,,,,,,,,,,,,,,,,,,,,,,,,,,,
6e2ms2Zs,20-06-2024,,Brasil,Série A,2024,,Palmeiras,Red Bull Bragantino,,,,,2.25,5.8,2.1,2.32,5.2,2.15,,,,,5.0,4.75,1.15,1.16,,,,,1.65,1.14,1.62,1.62,1.17,1.6,,,,,,,,,,,,,,,,,,,,,,,,,,,,,,,,
nBLGnOBK,20-06-2024,,Brasil,Série A,2024,,Flamengo,Bahia,,,,,2.18,5.7,2.18,2.2,5.6,2.2,,,,,4.65,4.35,1.17,1.19,,,,,1.6,1.15,1.65,1.6,1.15,1.65,,,,,,,,,,,,,,,,,,,,,,,,,,,,,,,,
hlMCm4dE,20-06-2024,,Brasil,Série A,2024,,Vitória,Atlético-MG,,,,,4.75,2.75,1.95,3.75,3.6,1.83,,,,,6.0,7.0,1.13,1.1,,,,,1.8,1.4,1.17,1.83,1.29,1.25,,,,,,,,,,,,,,,,,,,,,,,,,,,,,,,,
tEI8lps8,19-06-2024,,Brasil,Série A,2024,,Cruzeiro,Fluminense,,,,,2.87,4.15,2.0,2.35,5.0,2.15,,,,,4.7,4.6,1.17,1.17,,,,,1.72,1.23,1.42,1.62,1.18,1.57,,,,,,,,,,,,,,,,,,,,,,,,,,,,,,,,
xthSuhw8,19-06-2024,,Brasil,Série A,2024,,Internacional,Corinthians,,,,,2.62,5.0,1.95,2.87,4.15,2.0,,,,,5.4,4.45,1.13,1.18,,,,,1.75,1.18,1.47,1.72,1.23,1.42,,,,,,,,,,,,,,,,,,,,,,,,,,,,,,,,
v90eut4f,19-06-2024,,Brasil,Série A,2024,,Fortaleza,Grêmio,,,,,2.63,4.75,2.05,2.6,4.75,2.1,,,,,5.5,5.5,1.14,1.14,,,,,1.73,1.17,1.44,1.67,1.17,1.5,,,,,,,,,,,,,,,,,,,,,,,,,,,,,,,,
zyf4wKY6,19-06-2024,,Brasil,Série A,2024,,Juventude,Vasco,,,,,3.3,3.55,1.98,2.82,4.5,1.95,,,,,4.65,4.75,1.17,1.16,,,,,1.75,1.3,1.33,1.75,1.21,1.42,,,,,,,,,,,,,,,,,,,,,,,,,,,,,,,,
pn1itMll,19-06-2024,,Brasil,Série A,2024,,São Paulo,Cuiabá,,,,,1.95,8.0,2.2,2.2,7.0,2.1,,,,,6.5,7.0,1.11,1.1,,,,,1.62,1.06,1.8,1.67,1.08,1.62,,,,,,,,,,,,,,,,,,,,,,,,,,,,,,,,
hC4av0J0,19-06-2024,,Brasil,Série A,2024,,Atlético-GO,Criciúma,,,,,3.0,4.05,1.95,2.25,5.4,2.18,,,,,4.85,4.7,1.16,1.17,,,,,1.75,1.24,1.38,1.62,1.16,1.62,,,,,,,,,,,,,,,,,,,,,,,,,,,,,,,,
Q1KKorRQ,19-06-2024,,Brasil,Série A,2024,,Botafogo,Athletico-PR,,,,,2.8,4.45,1.98,2.55,4.6,2.1,,,,,4.9,4.4,1.15,1.19,,,,,1.72,1.21,1.44,1.65,1.2,1.5,,,,,,,,,,,,,,,,,,,,,,,,,,,,,,,,
vPfzhbW2,17-06-2024,,Brasil,Série A,2024,,Atlético-MG,Palmeiras,,,,,3.1,4.0,1.95,3.4,3.6,2.0,,,,,6.0,5.5,1.13,1.14,,,,,1.8,1.22,1.36,1.73,1.29,1.3,,,,,,,,,,,,,,,,,,,,,,,,,,,,,,,,
bkgOtYN1,16-06-2024,,Brasil,Série A,2024,,Criciúma,Bahia,,,,,3.5,3.4,2.05,4.0,2.88,2.05,,,,,5.5,5.5,1.14,1.14,,,,,1.73,1.3,1.29,1.73,1.4,1.22,,,,,,,,,,,,,,,,,,,,,,,,,,,,,,,,
UFlKsE8e,16-06-2024,,Brasil,Série A,2024,,Cuiabá,"Fortaleza
2",,,,,3.6,3.75,1.83,3.75,3.4,1.91,,,,,7.0,6.0,1.1,1.13,,,,,1.83,1.25,1.29,1.8,1.3,1.25,,,,,,,,,,,,,,,,,,,,,,,,,,,,,,,,
QL6hTEg2,16-06-2024,,Brasil,Série A,2024,,Grêmio,Botafogo,,,,,2.75,4.5,2.05,4.0,2.88,2.05,,,,,5.5,5.5,1.14,1.14,,,,,1.73,1.17,1.4,1.73,1.4,1.22,,,,,,,,,,,,,,,,,,,,,,,,,,,,,,,,
xI9ukdGL,16-06-2024,,Brasil,Série A,2024,,Vasco,Cruzeiro,,,,,3.0,4.0,2.0,3.6,3.4,1.95,,,,,5.5,6.0,1.14,1.13,,,,,1.73,1.22,1.36,1.8,1.3,1.29,,,,,,,,,,,,,,,,,,,,,,,,,,,,,,,,
jPkGrfgk,16-06-2024,,Brasil,Série A,2024,,Athletico-PR,Flamengo,,,,,3.4,3.25,2.05,3.25,3.6,2.05,,,,,5.0,5.5,1.17,1.14,,,,,1.73,1.33,1.3,1.73,1.29,1.33,,,,,,,,,,,,,,,,,,,,,,,,,,,,,,,,
Wv9qlGVR,16-06-2024,,Brasil,Série A,2024,,Corinthians,São Paulo,,,,,3.5,3.6,1.95,4.0,3.2,1.91,,,,,6.0,6.5,1.13,1.11,,,,,1.8,1.29,1.29,1.8,1.36,1.22,,,,,,,,,,,,,,,,,,,,,,,,,,,,,,,,
IFgviIo9,16-06-2024,,Brasil,Série A,2024,,Vitória,Internacional,,,,,4.0,3.1,2.0,3.6,3.75,1.83,,,,,6.0,7.0,1.13,1.1,,,,,1.73,1.36,1.22,1.83,1.25,1.29,,,,,,,,,,,,,,,,,,,,,,,,,,,,,,,,
bRAyjx1F,15-06-2024,,Brasil,Série A,2024,,Fluminense,Atlético-GO,,,,,2.05,6.5,2.22,2.32,5.1,2.15,,,,,4.9,4.05,1.15,1.21,,,,,1.57,1.12,1.75,1.62,1.17,1.6,,,,,,,,,,,,,,,,,,,,,,,,,,,,,,,,
800Bqzvq,15-06-2024,,Brasil,Série A,2024,,Red Bull Bragantino,Juventude,,,,,2.1,7.0,2.1,2.2,6.0,2.2,,,,,6.5,5.5,1.11,1.14,,,,,1.67,1.08,1.67,1.62,1.11,1.62,,,,,,,,,,,,,,,,,,,,,,,,,,,,,,,,
plGcvu23,13-06-2024,,Brasil,Série A,2024,,Bahia,Fortaleza,,,,,2.4,5.0,2.1,2.5,4.75,2.1,,,,,5.5,5.5,1.14,1.14,,,,,1.67,1.14,1.53,1.67,1.17,1.5,,,,,,,,,,,,,,,,,,,,,,,,,,,,,,,,
KKN9ywnM,13-06-2024,,Brasil,Série A,2024,,Palmeiras,Vasco,,,,,2.05,7.0,2.25,2.0,7.0,2.3,,,,,5.5,5.5,1.14,1.14,,,,,1.57,1.08,1.73,1.57,1.08,1.73,,,,,,,,,,,,,,,,,,,,,,,,,,,,,,,,
j3EuWG9q,13-06-2024,,Brasil,Série A,2024,,Athletico-PR,Criciúma,,,,,2.05,6.5,2.25,2.05,6.5,2.3,,,,,5.5,5.5,1.14,1.14,,,,,1.57,1.1,1.73,1.57,1.1,1.73,,,,,,,,,,,,,,,,,,,,,,,,,,,,,,,,
vBF1waH9,13-06-2024,,Brasil,Série A,2024,,Flamengo,Grêmio,,,,,2.2,6.0,2.2,2.2,6.0,2.25,,,,,5.5,5.5,1.14,1.14,,,,,1.62,1.11,1.62,1.57,1.13,1.62,,,,,,,,,,,,,,,,,,,,,,,,,,,,,,,,
UuYAGyAd,13-06-2024,,Brasil,Série A,2024,,Internacional,São Paulo,,,,,2.88,4.33,2.05,3.2,4.0,1.91,,,,,5.5,6.5,1.14,1.11,,,,,1.73,1.2,1.4,1.8,1.22,1.36,,,,,,,,,,,,,,,,,,,,,,,,,,,,,,,,
6cHguLnc,13-06-2024,,Brasil,Série A,2024,,Cruzeiro,Cuiabá,,,,,2.25,6.5,2.1,2.25,7.0,2.0,,,,,6.0,7.0,1.13,1.1,,,,,1.67,1.1,1.57,1.73,1.08,1.57,,,,,,,,,,,,,,,,,,,,,,,,,,,,,,,,
bBMDzc1S,11-06-2024,,Brasil,Série A,2024,,Red Bull Bragantino,Atlético-MG,,,,,3.6,3.25,1.98,3.1,3.95,1.93,,,,,4.75,4.9,1.16,1.15,,,,,1.75,1.34,1.29,1.75,1.25,1.36,,,,,,,,,,,,,,,,,,,,,,,,,,,,,,,,
xdY4xJWF,11-06-2024,,Brasil,Série A,2024,,Botafogo,Fluminense,,,,,3.05,3.85,2.0,2.65,4.6,2.02,,,,,4.4,4.65,1.19,1.17,,,,,1.72,1.26,1.37,1.7,1.2,1.47,,,,,,,,,,,,,,,,,,,,,,,,,,,,,,,,
UgDqVzPk,11-06-2024,,Brasil,Série A,2024,,Atlético-GO,Corinthians,,,,,3.55,3.35,1.98,3.45,3.7,1.88,,,,,5.1,5.1,1.15,1.14,,,,,1.75,1.33,1.3,1.8,1.28,1.31,,,,,,,,,,,,,,,,,,,,,,,,,,,,,,,,
CI2lUfvd,11-06-2024,,Brasil,Série A,2024,,Juventude,Vitória,,,,,2.63,4.75,2.05,2.75,4.75,1.95,,,,,5.5,6.5,1.14,1.11,,,,,1.73,1.17,1.44,1.8,1.17,1.4,,,,,,,,,,,,,,,,,,,,,,,,,,,,,,,,
OEFP4vBp,09-06-2024,,Brasil,Série A,2024,,Criciúma,Cuiabá,,,,,2.88,4.33,2.0,3.0,4.75,1.83,,,,,6.0,7.0,1.13,1.1,,,,,1.73,1.2,1.4,1.83,1.17,1.36,,,,,,,,,,,,,,,,,,,,,,,,,,,,,,,,
ETkFXZqe,05-06-2024,,Brasil,Série A,2024,,Cuiabá,Vitória,,,,,2.62,4.55,2.05,3.0,4.7,1.83,,,,,4.35,5.6,1.19,1.12,,,,,1.7,1.21,1.47,1.85,1.19,1.38,,,,,,,,,,,,,,,,,,,,,,,,,,,,,,,,
GAXH8mCI,05-06-2024,,Brasil,Série A,2024,,Juventude,Atlético-GO,,,,,2.88,4.0,2.05,3.2,4.0,1.95,,,,,5.5,6.0,1.14,1.13,,,,,1.73,1.22,1.4,1.8,1.22,1.36,,,,,,,,,,,,,,,,,,,,,,,,,,,,,,,,
K6ryNwXS,02-06-2024,,Brasil,Série A,2024,,Fortaleza,Athletico-PR,,,,,3.0,4.0,2.0,2.6,4.75,2.05,,,,,5.5,5.5,1.14,1.14,,,,,1.73,1.22,1.36,1.73,1.17,1.5,,,,,,,,,,,,,,,,,,,,,,,,,,,,,,,,
xrgWNJHM,02-06-2024,,Brasil,Série A,2024,,São Paulo,Cruzeiro,,,,,2.6,4.75,2.05,2.75,5.0,1.95,,,,,5.5,6.5,1.14,1.11,,,,,1.73,1.17,1.5,1.8,1.14,1.4,,,,,,,,,,,,,,,,,,,,,,,,,,,,,,,,
G82BSs3i,02-06-2024,,Brasil,Série A,2024,,Atlético-MG,Bahia,,,,,2.12,6.0,2.2,2.35,4.9,2.15,,,,,5.0,4.6,1.15,1.17,,,,,1.6,1.14,1.7,1.62,1.18,1.57,,,,,,,,,,,,,,,,,,,,,,,,,,,,,,,,
jkZ6HHfj,02-06-2024,,Brasil,Série A,2024,,Criciúma,Palmeiras,,,,,5.0,2.38,2.2,5.5,2.6,2.0,,,,,5.0,6.5,1.17,1.11,,,,,1.62,1.53,1.14,1.73,1.5,1.14,,,,,,,,,,,,,,,,,,,,,,,,,,,,,,,,
jRfOPumA,02-06-2024,,Brasil,Série A,2024,,Vasco,Flamengo,,,,,4.85,2.37,2.18,5.0,2.35,2.15,,,,,4.7,4.8,1.17,1.16,,,,,1.62,1.57,1.19,1.62,1.6,1.18,,,,,,,,,,,,,,,,,,,,,,,,,,,,,,,,
bifSOa2G,01-06-2024,,Brasil,Série A,2024,,Corinthians,Botafogo,,,,,3.1,3.75,2.0,3.0,4.1,1.95,,,,,5.0,5.0,1.15,1.15,,,,,1.72,1.27,1.37,1.75,1.24,1.38,,,,,,,,,,,,,,,,,,,,,,,,,,,,,,,,
dSZ2Icup,01-06-2024,,Brasil,Série A,2024,,Cuiabá,Internacional,,,,,4.05,2.95,1.98,4.45,3.05,1.85,,,,,4.6,5.7,1.17,1.12,,,,,1.72,1.39,1.24,1.83,1.37,1.21,,,,,,,,,,,,,,,,,,,,,,,,,,,,,,,,
CzdKQLX3,01-06-2024,,Brasil,Série A,2024,,Fluminense,Juventude,,,,,2.05,6.5,2.22,2.12,5.7,2.25,,,,,4.8,4.75,1.16,1.16,,,,,1.57,1.12,1.75,1.57,1.15,1.7,,,,,,,,,,,,,,,,,,,,,,,,,,,,,,,,
25ET3bQj,01-06-2024,,Brasil,Série A,2024,,Grêmio,Red Bull Bragantino,,,,,2.65,4.25,2.1,3.8,3.05,2.0,,,,,4.6,4.55,1.17,1.18,,,,,1.65,1.23,1.47,1.72,1.37,1.27,,,,,,,,,,,,,,,,,,,,,,,,,,,,,,,,
UB6FR1Ic,01-06-2024,,Brasil,Série A,2024,,"Vitória
2",Atlético-GO,,,,,2.57,5.1,2.0,2.85,4.4,1.95,,,,,4.75,4.8,1.16,1.16,,,,,1.75,1.18,1.5,1.75,1.21,1.42,,,,,,,,,,,,,,,,,,,,,,,,,,,,,,,,
zibmOSB5,13-05-2024,,Brasil,Série A,2024,,São Paulo,Fluminense,,,,,2.75,4.5,2.0,2.38,5.5,2.1,,,,,6.0,5.5,1.13,1.14,,,,,1.73,1.17,1.4,1.67,1.13,1.53,,,,,,,,,,,,,,,,,,,,,,,,,,,,,,,,
YR1WRACt,12-05-2024,,Brasil,Série A,2024,,Bahia,Red Bull Bragantino,,,,,2.75,4.2,2.0,2.3,4.5,2.1,,,,,1.8,1.7,1.91,2.0,,,,,1.3,1.25,1.67,1.22,1.17,2.0,,,,,,,,,,,,,,,,,,,,,,,,,,,,,,,,
th5vQlsg,12-05-2024,,Brasil,Série A,2024,,Vasco,Vitória,,,,,2.5,5.5,2.05,2.38,5.5,2.2,,,,,6.0,5.5,1.13,1.14,,,,,1.73,1.14,1.5,1.62,1.14,1.53,,,,,,,,,,,,,,,,,,,,,,,,,,,,,,,,
84deM6tI,12-05-2024,,Brasil,Série A,2024,,Atlético-GO,Cruzeiro,,,,,3.75,3.4,1.95,3.75,3.2,2.0,,,,,6.0,5.5,1.13,1.14,,,,,1.8,1.3,1.25,1.73,1.36,1.25,,,,,,,,,,,,,,,,,,,,,,,,,,,,,,,,
UDciNnRB,12-05-2024,,Brasil,Série A,2024,,Fortaleza,Botafogo,,,,,2.75,4.33,1.91,2.5,4.5,2.0,,,,,1.91,1.83,1.8,1.83,,,,,1.3,1.22,1.67,1.29,1.2,1.83,,,,,,,,,,,,,,,,,,,,,,,,,,,,,,,,
OGfqP8da,12-05-2024,,Brasil,Série A,2024,,Palmeiras,Athletico-PR,,,,,2.32,5.4,2.1,2.3,5.6,2.12,,,,,5.2,5.1,1.14,1.14,,,,,1.65,1.16,1.6,1.65,1.15,1.62,,,,,,,,,,,,,,,,,,,,,,,,,,,,,,,,
216zRURn,11-05-2024,,Brasil,Série A,2024,,Flamengo,Corinthians,,,,,2.27,6.3,2.05,2.22,6.0,2.1,,,,,5.9,5.3,1.11,1.13,,,,,1.7,1.13,1.62,1.65,1.14,1.65,,,,,,,,,,,,,,,,,,,,,,,,,,,,,,,,
rN45DBcm,05-05-2024,,Brasil,Série A,2024,,Botafogo,Bahia,,,,,2.4,5.0,2.0,2.63,4.0,2.1,,,,,1.85,1.57,1.85,2.2,,,,,1.25,1.17,1.91,1.25,1.25,1.67,,,,,,,,,,,,,,,,,,,,,,,,,,,,,,,,
MmYD9TdC,05-05-2024,,Brasil,Série A,2024,,Cuiabá,Palmeiras,,,,,4.5,2.7,1.91,5.5,2.4,1.91,,,,,1.95,2.3,1.75,1.53,,,,,1.29,1.8,1.2,1.3,1.91,1.13,,,,,,,,,,,,,,,,,,,,,,,,,,,,,,,,
rcZ9A9s6,05-05-2024,,Brasil,Série A,2024,,Athletico-PR,Vasco,,,,,2.5,5.0,2.1,2.3,5.5,2.2,,,,,6.0,5.5,1.13,1.14,,,,,1.67,1.14,1.5,1.62,1.13,1.57,,,,,,,,,,,,,,,,,,,,,,,,,,,,,,,,
OxOYIXZP,05-05-2024,,Brasil,Série A,2024,,Vitória,São Paulo,,,,,3.75,3.0,2.05,4.33,3.0,1.95,,,,,5.5,6.0,1.14,1.13,,,,,1.73,1.36,1.25,1.8,1.36,1.2,,,,,,,,,,,,,,,,,,,,,,,,,,,,,,,,
xp49CVCg,04-05-2024,,Brasil,Série A,2024,,Corinthians,Fortaleza,,,,,3.0,4.05,1.98,2.9,4.55,1.9,,,,,5.0,5.4,1.15,1.13,,,,,1.75,1.24,1.39,1.78,1.2,1.4,,,,,,,,,,,,,,,,,,,,,,,,,,,,,,,,
Gz3DBkSa,04-05-2024,,Brasil,Série A,2024,,Red Bull Bragantino,Flamengo,,,,,3.75,3.1,2.05,3.5,3.25,2.05,,,,,5.5,5.5,1.14,1.14,,,,,1.73,1.36,1.25,1.73,1.33,1.29,,,,,,,,,,,,,,,,,,,,,,,,,,,,,,,,
UJ01Eirs,04-05-2024,,Brasil,Série A,2024,,Fluminense,Atlético-MG,,,,,2.5,4.5,2.0,3.75,2.88,2.0,,,,,1.91,1.8,1.8,1.87,,,,,1.25,1.17,1.83,1.3,1.57,1.29,,,,,,,,,,,,,,,,,,,,,,,,,,,,,,,,
UJvWbCrf,29-04-2024,,Brasil,Série A,2024,,São Paulo,Palmeiras,,,,,3.55,3.35,1.95,3.5,3.8,1.85,,,,,4.55,5.2,1.18,1.14,,,,,1.75,1.32,1.3,1.83,1.27,1.3,,,,,,,,,,,,,,,,,,,,,,,,,,,,,,,,
MDH4ribD,28-04-2024,,Brasil,Série A,2024,,Internacional,Atlético-GO,,,,,2.07,6.3,2.22,2.1,7.3,2.1,,,,,5.2,5.3,1.14,1.13,,,,,1.6,1.13,1.72,1.62,1.1,1.7,,,,,,,,,,,,,,,,,,,,,,,,,,,,,,,,
OtvzbWc0,28-04-2024,,Brasil,Série A,2024,,Fortaleza,Red Bull Bragantino,,,,,2.87,4.1,2.0,2.9,4.0,2.02,,,,,4.7,4.55,1.17,1.18,,,,,1.7,1.24,1.42,1.7,1.25,1.4,,,,,,,,,,,,,,,,,,,,,,,,,,,,,,,,
IuXrdASC,28-04-2024,,Brasil,Série A,2024,,Juventude,Athletico-PR,,,,,3.6,3.45,1.91,4.0,3.3,1.87,,,,,4.4,5.3,1.19,1.13,,,,,1.78,1.31,1.29,1.82,1.33,1.25,,,,,,,,,,,,,,,,,,,,,,,,,,,,,,,,
jTuSahTm,28-04-2024,,Brasil,Série A,2024,,Corinthians,Fluminense,,,,,3.2,3.7,1.98,2.95,4.25,1.95,,,,,4.55,4.85,1.18,1.16,,,,,1.75,1.28,1.35,1.75,1.23,1.4,,,,,,,,,,,,,,,,,,,,,,,,,,,,,,,,
OIem7zyE,28-04-2024,,Brasil,Série A,2024,,Cruzeiro,Vitória,,,,,2.32,5.6,2.07,2.18,6.1,2.15,,,,,5.0,5.3,1.15,1.13,,,,,1.65,1.15,1.6,1.65,1.13,1.65,,,,,,,,,,,,,,,,,,,,,,,,,,,,,,,,
Wrae5E5Q,28-04-2024,,Brasil,Série A,2024,,Flamengo,Botafogo,,,,,2.12,5.7,2.27,2.2,5.6,2.18,,,,,4.75,4.75,1.16,1.16,,,,,1.57,1.15,1.72,1.6,1.15,1.65,,,,,,,,,,,,,,,,,,,,,,,,,,,,,,,,
xMai6fjK,27-04-2024,,Brasil,Série A,2024,,Bahia,Grêmio,,,,,2.87,3.85,2.07,2.42,4.65,2.15,,,,,4.05,4.25,1.22,1.2,,,,,1.65,1.26,1.42,1.62,1.2,1.55,,,,,,,,,,,,,,,,,,,,,,,,,,,,,,,,
zHsvcjD6,27-04-2024,,Brasil,Série A,2024,,Cuiabá,Atlético-MG,,,,,4.33,2.88,2.0,4.33,3.4,1.8,,,,,6.0,8.0,1.13,1.08,,,,,1.73,1.4,1.2,1.91,1.3,1.2,,,,,,,,,,,,,,,,,,,,,,,,,,,,,,,,
YioN0YDs,27-04-2024,,Brasil,Série A,2024,,Vasco,Criciúma,,,,,2.25,5.6,2.15,2.3,6.1,2.02,,,,,4.8,5.5,1.16,1.13,,,,,1.62,1.15,1.62,1.7,1.13,1.6,,,,,,,,,,,,,,,,,,,,,,,,,,,,,,,,
zcJdpDT0,21-04-2024,,Brasil,Série A,2024,,"Atlético-GO
2",São Paulo,,,,,3.6,3.1,1.91,3.6,3.4,1.83,,,,,1.9,2.0,1.87,1.7,,,,,1.3,1.5,1.33,1.33,1.44,1.36,,,,,,,,,,,,,,,,,,,,,,,,,,,,,,,,
ravIieyR,21-04-2024,,Brasil,Série A,2024,,Botafogo,Juventude,,,,,2.4,5.5,2.1,2.2,6.5,2.1,,,,,5.5,6.5,1.14,1.11,,,,,1.67,1.13,1.53,1.67,1.1,1.62,,,,,,,,,,,,,,,,,,,,,,,,,,,,,,,,
d6KhogEf,21-04-2024,,Brasil,Série A,2024,,Athletico-PR,Internacional,,,,,2.5,4.75,2.1,2.75,4.5,2.0,,,,,5.5,6.0,1.14,1.13,,,,,1.67,1.17,1.5,1.73,1.17,1.4,,,,,,,,,,,,,,,,,,,,,,,,,,,,,,,,
0vRqmFqr,21-04-2024,,Brasil,Série A,2024,,Palmeiras,Flamengo,,,,,2.6,4.5,2.1,2.75,4.5,2.0,,,,,5.0,6.0,1.17,1.13,,,,,1.67,1.17,1.5,1.73,1.17,1.4,,,,,,,,,,,,,,,,,,,,,,,,,,,,,,,,
nXp9gH6E,21-04-2024,,Brasil,Série A,2024,,Vitória,Bahia,,,,,3.4,3.6,2.0,3.75,2.88,2.1,,,,,5.5,5.0,1.14,1.17,,,,,1.73,1.29,1.3,1.67,1.4,1.25,,,,,,,,,,,,,,,,,,,,,,,,,,,,,,,,
8tn5fci8,20-04-2024,,Brasil,Série A,2024,,Atlético-MG,Cruzeiro,,,,,2.38,5.5,1.91,2.5,5.0,1.91,,,,,2.1,2.05,1.73,1.67,,,,,1.25,1.14,2.0,1.3,1.14,1.83,,,,,,,,,,,,,,,,,,,,,,,,,,,,,,,,
fwbNVDE7,20-04-2024,,Brasil,Série A,2024,,Grêmio,Cuiabá,,,,,2.2,5.5,2.1,2.3,5.5,2.0,,,,,1.9,2.05,1.87,1.67,,,,,1.22,1.11,2.2,1.25,1.11,2.1,,,,,,,,,,,,,,,,,,,,,,,,,,,,,,,,
EsVmnZbl,20-04-2024,,Brasil,Série A,2024,,Red Bull Bragantino,Corinthians,,,,,2.6,4.5,2.1,3.0,4.0,2.05,,,,,5.5,5.5,1.14,1.14,,,,,1.67,1.17,1.5,1.73,1.22,1.36,,,,,,,,,,,,,,,,,,,,,,,,,,,,,,,,
48uEhyMK,20-04-2024,,Brasil,Série A,2024,,Fluminense,Vasco,,,,,2.38,5.0,2.2,2.63,4.5,2.1,,,,,5.5,5.5,1.14,1.14,,,,,1.62,1.14,1.53,1.67,1.17,1.44,,,,,,,,,,,,,,,,,,,,,,,,,,,,,,,,
nFZYi4V9,18-04-2024,,Brasil,Série A,2024,,Botafogo,Atlético-GO,,,,,2.22,6.8,2.02,2.32,5.3,2.12,,,,,5.2,4.85,1.14,1.16,,,,,1.7,1.12,1.65,1.65,1.16,1.6,,,,,,,,,,,,,,,,,,,,,,,,,,,,,,,,
YBVUhpG3,17-04-2024,,Brasil,Série A,2024,,Flamengo,São Paulo,,,,,2.35,5.5,2.07,2.4,5.8,2.0,,,,,4.85,5.3,1.16,1.13,,,,,1.65,1.16,1.6,1.75,1.14,1.55,,,,,,,,,,,,,,,,,,,,,,,,,,,,,,,,
0bXMf6oi,17-04-2024,,Brasil,Série A,2024,,Atlético-MG,Criciúma,,,,,1.83,8.0,2.4,1.95,8.0,2.3,,,,,5.5,6.0,1.14,1.13,,,,,1.53,1.06,1.83,1.57,1.06,1.8,,,,,,,,,,,,,,,,,,,,,,,,,,,,,,,,
zwiBYFUl,17-04-2024,,Brasil,Série A,2024,,Fortaleza,Cruzeiro,,,,,2.77,4.35,2.0,2.67,4.7,1.98,,,,,5.0,5.1,1.15,1.14,,,,,1.72,1.22,1.44,1.75,1.2,1.47,,,,,,,,,,,,,,,,,,,,,,,,,,,,,,,,
dhuKWga1,17-04-2024,,Brasil,Série A,2024,,Juventude,Corinthians,,,,,3.4,3.5,2.0,4.33,3.25,1.83,,,,,5.5,7.0,1.14,1.1,,,,,1.73,1.29,1.3,1.83,1.33,1.2,,,,,,,,,,,,,,,,,,,,,,,,,,,,,,,,
UwPwiOpG,17-04-2024,,Brasil,Série A,2024,,Palmeiras,Internacional,,,,,2.2,5.9,2.15,2.32,5.9,2.05,,,,,4.9,5.1,1.16,1.15,,,,,1.62,1.14,1.65,1.7,1.14,1.6,,,,,,,,,,,,,,,,,,,,,,,,,,,,,,,,
06RoWM8j,17-04-2024,,Brasil,Série A,2024,,Grêmio,Athletico-PR,,,,,2.75,4.33,2.05,3.25,3.4,2.05,,,,,5.5,5.0,1.14,1.17,,,,,1.73,1.2,1.4,1.73,1.3,1.33,,,,,,,,,,,,,,,,,,,,,,,,,,,,,,,,
63n7ZeFr,17-04-2024,,Brasil,Série A,2024,,Red Bull Bragantino,Vasco,,,,,2.6,4.75,2.1,2.6,4.33,2.1,,,,,5.5,5.0,1.14,1.17,,,,,1.67,1.17,1.5,1.67,1.2,1.5,,,,,,,,,,,,,,,,,,,,,,,,,,,,,,,,
vkWQgQ0c,16-04-2024,,Brasil,Série A,2024,,Bahia,Fluminense,,,,,2.88,4.0,2.1,2.63,4.0,2.2,,,,,5.0,4.33,1.17,1.2,,,,,1.67,1.22,1.4,1.62,1.22,1.44,,,,,,,,,,,,,,,,,,,,,,,,,,,,,,,,
vTfjsmHi,14-04-2024,,Brasil,Série A,2024,,Vitória,Palmeiras,,,,,6.0,2.1,2.3,4.33,2.75,2.05,,,,,5.0,5.5,1.17,1.14,,,,,1.57,1.67,1.11,1.73,1.4,1.2,,,,,,,,,,,,,,,,,,,,,,,,,,,,,,,,
ShinrT1o,14-04-2024,,Brasil,Série A,2024,,Cruzeiro,Botafogo,,,,,2.95,4.0,1.98,3.0,4.15,1.95,,,,,4.8,5.1,1.16,1.14,,,,,1.72,1.25,1.39,1.78,1.23,1.39,,,,,,,,,,,,,,,,,,,,,,,,,,,,,,,,
jXyCxPVM,14-04-2024,,Brasil,Série A,2024,,Athletico-PR,Cuiabá,,,,,2.5,5.5,2.05,2.2,6.5,2.1,,,,,6.0,6.5,1.13,1.11,,,,,1.73,1.14,1.5,1.67,1.1,1.62,,,,,,,,,,,,,,,,,,,,,,,,,,,,,,,,
4ztGyqoT,14-04-2024,,Brasil,Série A,2024,,"Atlético-GO
2",Flamengo,,,,,5.0,2.25,2.25,5.0,2.38,2.2,,,,,5.0,5.5,1.17,1.14,,,,,1.57,1.57,1.14,1.62,1.53,1.14,,,,,,,,,,,,,,,,,,,,,,,,,,,,,,,,
UHm3vo1A,14-04-2024,,Brasil,Série A,2024,,Corinthians,Atlético-MG,,,,,3.3,3.85,1.9,3.45,3.75,1.87,,,,,5.0,5.3,1.15,1.14,,,,,1.8,1.26,1.33,1.83,1.27,1.3,,,,,,,,,,,,,,,,,,,,,,,,,,,,,,,,
0rqauRo4,14-04-2024,,Brasil,Série A,2024,,Vasco,Grêmio,,,,,3.1,3.75,2.05,2.88,4.0,2.05,,,,,5.5,5.5,1.14,1.14,,,,,1.73,1.25,1.36,1.73,1.22,1.4,,,,,,,,,,,,,,,,,,,,,,,,,,,,,,,,
Mipet7Wc,13-04-2024,,Brasil,Série A,2024,,Fluminense,Red Bull Bragantino,,,,,2.4,4.85,2.15,2.4,5.2,2.07,,,,,4.15,5.0,1.2,1.15,,,,,1.62,1.19,1.57,1.7,1.17,1.55,,,,,,,,,,,,,,,,,,,,,,,,,,,,,,,,
88n7w5GG,13-04-2024,,Brasil,Série A,2024,,São Paulo,Fortaleza,,,,,2.52,4.7,2.07,2.57,5.2,1.98,,,,,4.75,5.3,1.16,1.13,,,,,1.65,1.19,1.52,1.75,1.17,1.5,,,,,,,,,,,,,,,,,,,,,,,,,,,,,,,,
MFSsX2gp,13-04-2024,,Brasil,Série A,2024,,Criciúma,Juventude,,,,,2.63,4.5,1.91,2.88,4.5,1.83,,,,,1.95,2.15,1.75,1.6,,,,,1.3,1.2,1.73,1.33,1.22,1.67,,,,,,,,,,,,,,,,,,,,,,,,,,,,,,,,
Ek34JqPp,13-04-2024,,Brasil,Série A,2024,,Internacional,Bahia,,,,,2.45,4.8,2.1,2.57,4.7,2.05,,,,,4.7,4.9,1.17,1.16,,,,,1.65,1.19,1.53,1.7,1.2,1.5,,,,,,,,,,,,,,,,,,,,,,,,,,,,,,,,
