Link,Data,Hora,Pais,Liga,Rodada,Home,Away,H_gols_ft,A_gols_ft,H_gols_ht,A_gols_ht,H_posse,A_posse,H_xg,A_xg,H_chutes,A_chutes,H_chutes_alvo,A_chutes_alvo,H_escanteios,A_escanteios,H_faltas,A_faltas,H_amarelos,A_amarelos,H_vermelhos,A_vermelhos,H_ataques,A_ataques,H_ataques_perigosos,A_ataques_perigosos,H_defesas_goleiro,A_defesas_goleiro,H_passes,A_passes,H_acerto_passe,A_acerto_passe,H_passes_decisivos,A_passes_decisivos,H_cruzamentos,A_cruzamentos,H_dribles,A_dribles,H1_chutes_alvo,A1_chutes_alvo,H1_ataques,A1_ataques,H1_ataques_perigosos,A1_ataques_perigosos,H2_chutes_alvo,A2_chutes_alvo,H2_ataques,A2_ataques,H2_ataques_perigosos,A2_ataques_perigosos,Odd_h_open,Odd_d_open,Odd_a_open,Odd_h_close,Odd_d_close,Odd_a_close
https://redscores.com/match/lask-linz-rapid-vienna/h4xj9#1943538,2026-05-04,15:30,Austria,Tipico Bundesliga,Rodada 8,LASK Linz,Rapid Vienna,3,1,3,1,42.0,58.0,2.33,1.01,0,0,0,0,0,0,0,0,0,0,0,0,0,0,0,0,0,0,0,0,0.0,0.0,0,0,0,0,0,0,0,0,0,0,0,0,0,0,0,0,0,0,0.0,0.0,0.0,0.0,0.0,0.0
https://redscores.com/match/blau-weis-linz-ried/d3xP7#1943497,2026-05-02,12:00,Austria,Tipico Bundesliga,Rodada 8,Ried,Blau-Weiß Linz,2,0,2,0,49.0,51.0,1.75,0.95,0,0,0,0,0,0,0,0,0,0,0,0,0,0,0,0,0,0,0,0,0.0,0.0,0,0,0,0,0,0,0,0,0,0,0,0,0,0,0,0,0,0,0.0,0.0,0.0,0.0,0.0,0.0
https://redscores.com/match/lask-linz-hartberg/h4xRQA#1943520,2026-04-26,09:30,Austria,Tipico Bundesliga,Rodada 7,Hartberg,LASK Linz,1,5,1,5,54.0,46.0,0.58,1.76,0,0,0,0,0,0,0,0,0,0,0,0,0,0,0,0,0,0,0,0,0.0,0.0,0,0,0,0,0,0,0,0,0,0,0,0,0,0,0,0,0,0,0.0,0.0,0.0,0.0,0.0,0.0
https://redscores.com/match/wolfsberger-ac-grazer-ak/CAAx0qA#1943493,2026-04-25,12:00,Austria,Tipico Bundesliga,Rodada 7,Wolfsberger AC,Grazer AK,1,0,1,0,44.0,56.0,0.72,0.97,0,0,0,0,0,0,0,0,0,0,0,0,0,0,0,0,0,0,0,0,0.0,0.0,0,0,0,0,0,0,0,0,0,0,0,0,0,0,0,0,0,0,0.0,0.0,0.0,0.0,0.0,0.0
https://redscores.com/match/rapid-vienna-hartberg/j9xRQA#1943524,2026-04-19,09:30,Austria,Tipico Bundesliga,Rodada 5,Hartberg,Rapid Vienna,2,2,2,2,32.0,68.0,0.44,2.64,0,0,0,0,0,0,0,0,0,0,0,0,0,0,0,0,0,0,0,0,0.0,0.0,0,0,0,0,0,0,0,0,0,0,0,0,0,0,0,0,0,0,0.0,0.0,0.0,0.0,0.0,0.0
https://redscores.com/match/salzburg-austria-wien/zxP8#1943523,2026-04-19,09:30,Austria,Tipico Bundesliga,Rodada 5,Austria Wien,Salzburg,1,3,1,3,55.0,45.0,1.37,1.04,0,0,0,0,0,0,0,0,0,0,0,0,0,0,0,0,0,0,0,0,0.0,0.0,0,0,0,0,0,0,0,0,0,0,0,0,0,0,0,0,0,0,0.0,0.0,0.0,0.0,0.0,0.0
https://redscores.com/match/rheindorf-altach-grazer-ak/WBAx0qA#1943484,2026-04-11,12:00,Austria,Tipico Bundesliga,Rodada 4,Rheindorf Altach,Grazer AK,1,0,1,0,44.0,56.0,1.06,0.54,0,0,0,0,0,0,0,0,0,0,0,0,0,0,0,0,0,0,0,0,0.0,0.0,0,0,0,0,0,0,0,0,0,0,0,0,0,0,0,0,0,0,0.0,0.0,0.0,0.0,0.0,0.0
https://redscores.com/match/lask-linz-austria-wien/h4xP8#1943527,2026-04-05,09:30,Austria,Tipico Bundesliga,Rodada 3,LASK Linz,Austria Wien,4,1,4,1,73.0,27.0,1.96,0.38,0,0,0,0,0,0,0,0,0,0,0,0,0,0,0,0,0,0,0,0,0.0,0.0,0,0,0,0,0,0,0,0,0,0,0,0,0,0,0,0,0,0,0.0,0.0,0.0,0.0,0.0,0.0
https://redscores.com/match/wolfsberger-ac-wsg-tirol/CAAx3CA#1943482,2026-04-04,12:00,Austria,Tipico Bundesliga,Rodada 3,WSG Tirol,Wolfsberger AC,3,1,3,1,46.0,54.0,2.7,0.97,0,0,0,0,0,0,0,0,0,0,0,0,0,0,0,0,0,0,0,0,0.0,0.0,0,0,0,0,0,0,0,0,0,0,0,0,0,0,0,0,0,0,0.0,0.0,0.0,0.0,0.0,0.0
https://redscores.com/match/ried-rheindorf-altach/P7xWBA#1943481,2026-04-03,14:30,Austria,Tipico Bundesliga,Rodada 3,Ried,Rheindorf Altach,3,2,3,2,55.0,45.0,2.27,0.45,0,0,0,0,0,0,0,0,0,0,0,0,0,0,0,0,0,0,0,0,0.0,0.0,0,0,0,0,0,0,0,0,0,0,0,0,0,0,0,0,0,0,0.0,0.0,0.0,0.0,0.0,0.0
https://redscores.com/match/austria-wien-hartberg/P8xRQA#1943512,2026-03-22,10:30,Austria,Tipico Bundesliga,Rodada 2,Hartberg,Austria Wien,0,1,0,1,40.0,60.0,0.05,1.37,0,0,0,0,0,0,0,0,0,0,0,0,0,0,0,0,0,0,0,0,0.0,0.0,0,0,0,0,0,0,0,0,0,0,0,0,0,0,0,0,0,0,0.0,0.0,0.0,0.0,0.0,0.0
https://redscores.com/match/wolfsberger-ac-rheindorf-altach/CAAxWBA#1943478,2026-03-21,13:00,Austria,Tipico Bundesliga,Rodada 2,Wolfsberger AC,Rheindorf Altach,1,1,1,1,49.0,51.0,1.14,0.95,0,0,0,0,0,0,0,0,0,0,0,0,0,0,0,0,0,0,0,0,0.0,0.0,0,0,0,0,0,0,0,0,0,0,0,0,0,0,0,0,0,0,0.0,0.0,0.0,0.0,0.0,0.0
https://redscores.com/match/blau-weis-linz-hartberg/d3xRQA#1711126,2026-03-08,13:00,Austria,Tipico Bundesliga,Rodada 22,Hartberg,Blau-Weiß Linz,1,1,1,1,51.0,49.0,1.65,0.98,0,0,0,0,0,0,0,0,0,0,0,0,0,0,0,0,0,0,0,0,0.0,0.0,0,0,0,0,0,0,0,0,0,0,0,0,0,0,0,0,0,0,0.0,0.0,0.0,0.0,0.0,0.0
https://redscores.com/match/ried-grazer-ak/P7x0qA#1711119,2026-03-01,13:00,Austria,Tipico Bundesliga,Rodada 21,Grazer AK,Ried,2,1,2,1,43.0,57.0,0.93,0.75,0,0,0,0,0,0,0,0,0,0,0,0,0,0,0,0,0,0,0,0,0.0,0.0,0,0,0,0,0,0,0,0,0,0,0,0,0,0,0,0,0,0,0.0,0.0,0.0,0.0,0.0,0.0
https://redscores.com/match/rapid-vienna-rheindorf-altach/j9xWBA#1711109,2026-03-01,13:00,Austria,Tipico Bundesliga,Rodada 21,Rheindorf Altach,Rapid Vienna,1,1,1,1,52.0,48.0,0.63,1.28,0,0,0,0,0,0,0,0,0,0,0,0,0,0,0,0,0,0,0,0,0.0,0.0,0,0,0,0,0,0,0,0,0,0,0,0,0,0,0,0,0,0,0.0,0.0,0.0,0.0,0.0,0.0
https://redscores.com/match/ried-wsg-tirol/P7x3CA#1711115,2026-02-22,10:30,Austria,Tipico Bundesliga,Rodada 20,WSG Tirol,Ried,1,1,1,1,48.0,52.0,1.46,1.97,0,0,0,0,0,0,0,0,0,0,0,0,0,0,0,0,0,0,0,0,0.0,0.0,0,0,0,0,0,0,0,0,0,0,0,0,0,0,0,0,0,0,0.0,0.0,0.0,0.0,0.0,0.0
https://redscores.com/match/grazer-ak-hartberg/0qAxRQA#1711114,2026-02-21,13:00,Austria,Tipico Bundesliga,Rodada 20,Hartberg,Grazer AK,1,0,1,0,43.0,57.0,1.84,0.84,0,0,0,0,0,0,0,0,0,0,0,0,0,0,0,0,0,0,0,0,0.0,0.0,0,0,0,0,0,0,0,0,0,0,0,0,0,0,0,0,0,0,0.0,0.0,0.0,0.0,0.0,0.0
https://redscores.com/match/austria-wien-rheindorf-altach/P8xWBA#1711111,2026-02-21,13:00,Austria,Tipico Bundesliga,Rodada 20,Rheindorf Altach,Austria Wien,2,1,2,1,47.0,53.0,0.77,0.68,0,0,0,0,0,0,0,0,0,0,0,0,0,0,0,0,0,0,0,0,0.0,0.0,0,0,0,0,0,0,0,0,0,0,0,0,0,0,0,0,0,0,0.0,0.0,0.0,0.0,0.0,0.0
https://redscores.com/match/rheindorf-altach-hartberg/WBAxRQA#1711107,2026-02-14,13:00,Austria,Tipico Bundesliga,Rodada 19,Hartberg,Rheindorf Altach,0,0,0,0,51.0,49.0,0.59,0.78,0,0,0,0,0,0,0,0,0,0,0,0,0,0,0,0,0,0,0,0,0.0,0.0,0,0,0,0,0,0,0,0,0,0,0,0,0,0,0,0,0,0,0.0,0.0,0.0,0.0,0.0,0.0
https://redscores.com/match/lask-linz-ried/h4xP7#1711106,2026-02-14,13:00,Austria,Tipico Bundesliga,Rodada 19,Ried,LASK Linz,1,1,1,1,40.0,60.0,0.84,3.31,0,0,0,0,0,0,0,0,0,0,0,0,0,0,0,0,0,0,0,0,0.0,0.0,0,0,0,0,0,0,0,0,0,0,0,0,0,0,0,0,0,0,0.0,0.0,0.0,0.0,0.0,0.0
https://redscores.com/match/sturm-graz-ried/b4xP7#1711103,2026-02-08,13:00,Austria,Tipico Bundesliga,Rodada 18,Sturm Graz,Ried,1,0,1,0,54.0,46.0,0.59,0.64,0,0,0,0,0,0,0,0,0,0,0,0,0,0,0,0,0,0,0,0,0.0,0.0,0,0,0,0,0,0,0,0,0,0,0,0,0,0,0,0,0,0,0.0,0.0,0.0,0.0,0.0,0.0
https://redscores.com/match/wsg-tirol-hartberg/3CAxRQA#1711098,2025-12-13,13:00,Austria,Tipico Bundesliga,Rodada 17,Hartberg,WSG Tirol,2,1,2,1,60.0,40.0,1.44,0.81,0,0,0,0,0,0,0,0,0,0,0,0,0,0,0,0,0,0,0,0,0.0,0.0,0,0,0,0,0,0,0,0,0,0,0,0,0,0,0,0,0,0,0.0,0.0,0.0,0.0,0.0,0.0
https://redscores.com/match/sturm-graz-grazer-ak/b4x0qA#1711089,2025-12-07,13:00,Austria,Tipico Bundesliga,Rodada 16,Sturm Graz,Grazer AK,2,1,2,1,46.0,54.0,1.56,1.17,0,0,0,0,0,0,0,0,0,0,0,0,0,0,0,0,0,0,0,0,0.0,0.0,0,0,0,0,0,0,0,0,0,0,0,0,0,0,0,0,0,0,0.0,0.0,0.0,0.0,0.0,0.0
https://redscores.com/match/salzburg-rheindorf-altach/zxWBA#1711085,2025-11-30,10:30,Austria,Tipico Bundesliga,Rodada 15,Rheindorf Altach,Salzburg,1,1,1,1,41.0,59.0,0.6,1.83,0,0,0,0,0,0,0,0,0,0,0,0,0,0,0,0,0,0,0,0,0.0,0.0,0,0,0,0,0,0,0,0,0,0,0,0,0,0,0,0,0,0,0.0,0.0,0.0,0.0,0.0,0.0
https://redscores.com/match/ried-wolfsberger-ac/P7xCAA#1711086,2025-11-29,13:00,Austria,Tipico Bundesliga,Rodada 15,Ried,Wolfsberger AC,1,0,1,0,48.0,52.0,2.32,0.82,0,0,0,0,0,0,0,0,0,0,0,0,0,0,0,0,0,0,0,0,0.0,0.0,0,0,0,0,0,0,0,0,0,0,0,0,0,0,0,0,0,0,0.0,0.0,0.0,0.0,0.0,0.0
https://redscores.com/match/ried-hartberg/P7xRQA#1711011,2025-11-22,13:00,Austria,Tipico Bundesliga,Rodada 14,Hartberg,Ried,2,0,2,0,40.0,60.0,1.56,1.46,0,0,0,0,0,0,0,0,0,0,0,0,0,0,0,0,0,0,0,0,0.0,0.0,0,0,0,0,0,0,0,0,0,0,0,0,0,0,0,0,0,0,0.0,0.0,0.0,0.0,0.0,0.0
https://redscores.com/match/salzburg-ried/zxP7#1711068,2025-11-02,10:30,Austria,Tipico Bundesliga,Rodada 12,Salzburg,Ried,4,1,4,1,60.0,40.0,2.33,1.02,0,0,0,0,0,0,0,0,0,0,0,0,0,0,0,0,0,0,0,0,0.0,0.0,0,0,0,0,0,0,0,0,0,0,0,0,0,0,0,0,0,0,0.0,0.0,0.0,0.0,0.0,0.0
https://redscores.com/match/ried-rapid-vienna/P7xj9#1711064,2025-10-26,10:30,Austria,Tipico Bundesliga,Rodada 11,Ried,Rapid Vienna,0,2,0,2,54.0,46.0,1.59,0.99,0,0,0,0,0,0,0,0,0,0,0,0,0,0,0,0,0,0,0,0,0.0,0.0,0,0,0,0,0,0,0,0,0,0,0,0,0,0,0,0,0,0,0.0,0.0,0.0,0.0,0.0,0.0
https://redscores.com/match/blau-weis-linz-wsg-tirol/d3x3CA#1711066,2025-10-25,12:00,Austria,Tipico Bundesliga,Rodada 11,WSG Tirol,Blau-Weiß Linz,2,0,2,0,33.0,67.0,1.34,0.99,0,0,0,0,0,0,0,0,0,0,0,0,0,0,0,0,0,0,0,0,0.0,0.0,0,0,0,0,0,0,0,0,0,0,0,0,0,0,0,0,0,0,0.0,0.0,0.0,0.0,0.0,0.0
https://redscores.com/match/sturm-graz-rheindorf-altach/b4xWBA#1711040,2025-10-05,09:30,Austria,Tipico Bundesliga,Rodada 9,Rheindorf Altach,Sturm Graz,0,2,0,2,43.0,57.0,0.83,2.71,0,0,0,0,0,0,0,0,0,0,0,0,0,0,0,0,0,0,0,0,0.0,0.0,0,0,0,0,0,0,0,0,0,0,0,0,0,0,0,0,0,0,0.0,0.0,0.0,0.0,0.0,0.0
https://redscores.com/match/blau-weis-linz-austria-wien/d3xP8#1711038,2025-10-04,12:00,Austria,Tipico Bundesliga,Rodada 9,Austria Wien,Blau-Weiß Linz,0,1,0,1,51.0,49.0,1.41,1.27,0,0,0,0,0,0,0,0,0,0,0,0,0,0,0,0,0,0,0,0,0.0,0.0,0,0,0,0,0,0,0,0,0,0,0,0,0,0,0,0,0,0,0.0,0.0,0.0,0.0,0.0,0.0
https://redscores.com/match/sturm-graz-hartberg/b4xRQA#1711029,2025-09-28,09:30,Austria,Tipico Bundesliga,Rodada 8,Sturm Graz,Hartberg,1,0,1,0,67.0,33.0,1.85,1.5,0,0,0,0,0,0,0,0,0,0,0,0,0,0,0,0,0,0,0,0,0.0,0.0,0,0,0,0,0,0,0,0,0,0,0,0,0,0,0,0,0,0,0.0,0.0,0.0,0.0,0.0,0.0
https://redscores.com/match/blau-weis-linz-rheindorf-altach/d3xWBA#1711045,2025-09-27,12:00,Austria,Tipico Bundesliga,Rodada 8,Blau-Weiß Linz,Rheindorf Altach,1,0,1,0,39.0,61.0,0.85,0.77,0,0,0,0,0,0,0,0,0,0,0,0,0,0,0,0,0,0,0,0,0.0,0.0,0,0,0,0,0,0,0,0,0,0,0,0,0,0,0,0,0,0,0.0,0.0,0.0,0.0,0.0,0.0
https://redscores.com/match/lask-linz-wolfsberger-ac/h4xCAA#1711048,2025-09-27,12:00,Austria,Tipico Bundesliga,Rodada 8,Wolfsberger AC,LASK Linz,1,0,1,0,49.0,51.0,1.41,0.46,0,0,0,0,0,0,0,0,0,0,0,0,0,0,0,0,0,0,0,0,0.0,0.0,0,0,0,0,0,0,0,0,0,0,0,0,0,0,0,0,0,0,0.0,0.0,0.0,0.0,0.0,0.0
https://redscores.com/match/rheindorf-altach-wsg-tirol/WBAx3CA#1711044,2025-09-21,09:30,Austria,Tipico Bundesliga,Rodada 7,Rheindorf Altach,WSG Tirol,1,1,1,1,66.0,34.0,2.71,0.31,0,0,0,0,0,0,0,0,0,0,0,0,0,0,0,0,0,0,0,0,0.0,0.0,0,0,0,0,0,0,0,0,0,0,0,0,0,0,0,0,0,0,0.0,0.0,0.0,0.0,0.0,0.0
https://redscores.com/match/wolfsberger-ac-hartberg/CAAxRQA#1711043,2025-09-20,12:00,Austria,Tipico Bundesliga,Rodada 7,Hartberg,Wolfsberger AC,2,2,2,2,44.0,56.0,2.28,1.31,0,0,0,0,0,0,0,0,0,0,0,0,0,0,0,0,0,0,0,0,0.0,0.0,0,0,0,0,0,0,0,0,0,0,0,0,0,0,0,0,0,0,0.0,0.0,0.0,0.0,0.0,0.0
https://redscores.com/match/ried-austria-wien/P7xP8#1711004,2025-09-20,12:00,Austria,Tipico Bundesliga,Rodada 7,Austria Wien,Ried,3,2,3,2,60.0,40.0,2.23,1.19,0,0,0,0,0,0,0,0,0,0,0,0,0,0,0,0,0,0,0,0,0.0,0.0,0,0,0,0,0,0,0,0,0,0,0,0,0,0,0,0,0,0,0.0,0.0,0.0,0.0,0.0,0.0
https://redscores.com/match/sturm-graz-austria-wien/b4xP8#1711035,2025-09-14,12:00,Austria,Tipico Bundesliga,Rodada 6,Sturm Graz,Austria Wien,0,1,0,1,69.0,31.0,0.78,0.6,0,0,0,0,0,0,0,0,0,0,0,0,0,0,0,0,0,0,0,0,0.0,0.0,0,0,0,0,0,0,0,0,0,0,0,0,0,0,0,0,0,0,0.0,0.0,0.0,0.0,0.0,0.0
https://redscores.com/match/lask-linz-rheindorf-altach/h4xWBA#1711032,2025-09-13,12:00,Austria,Tipico Bundesliga,Rodada 6,Rheindorf Altach,LASK Linz,1,0,1,0,44.0,56.0,2.68,0.7,0,0,0,0,0,0,0,0,0,0,0,0,0,0,0,0,0,0,0,0,0.0,0.0,0,0,0,0,0,0,0,0,0,0,0,0,0,0,0,0,0,0,0.0,0.0,0.0,0.0,0.0,0.0
https://redscores.com/match/salzburg-hartberg/zxRQA#1711000,2025-08-16,12:00,Austria,Tipico Bundesliga,Rodada 3,Hartberg,Salzburg,1,2,1,2,32.0,68.0,1.86,1.12,0,0,0,0,0,0,0,0,0,0,0,0,0,0,0,0,0,0,0,0,0.0,0.0,0,0,0,0,0,0,0,0,0,0,0,0,0,0,0,0,0,0,0.0,0.0,0.0,0.0,0.0,0.0
https://redscores.com/match/lask-linz-wsg-tirol/h4x3CA#1711014,2025-08-10,12:00,Austria,Tipico Bundesliga,Rodada 2,WSG Tirol,LASK Linz,3,1,3,1,37.0,63.0,2.84,0.46,0,0,0,0,0,0,0,0,0,0,0,0,0,0,0,0,0,0,0,0,0.0,0.0,0,0,0,0,0,0,0,0,0,0,0,0,0,0,0,0,0,0,0.0,0.0,0.0,0.0,0.0,0.0
https://redscores.com/match/salzburg-grazer-ak/zx0qA#1711013,2025-08-09,14:30,Austria,Tipico Bundesliga,Rodada 2,Salzburg,Grazer AK,5,0,5,0,75.0,25.0,3.71,0.27,0,0,0,0,0,0,0,0,0,0,0,0,0,0,0,0,0,0,0,0,0.0,0.0,0,0,0,0,0,0,0,0,0,0,0,0,0,0,0,0,0,0,0.0,0.0,0.0,0.0,0.0,0.0
https://redscores.com/match/austria-wien-grazer-ak/P8x0qA#1711017,2025-08-03,12:00,Austria,Tipico Bundesliga,Rodada 1,Grazer AK,Austria Wien,2,2,2,2,37.0,63.0,0.71,1.81,0,0,0,0,0,0,0,0,0,0,0,0,0,0,0,0,0,0,0,0,0.0,0.0,0,0,0,0,0,0,0,0,0,0,0,0,0,0,0,0,0,0,0.0,0.0,0.0,0.0,0.0,0.0
https://redscores.com/match/sturm-graz-wolfsberger-ac/b4xCAA#1678087,2025-05-24,12:00,Austria,Tipico Bundesliga,Rodada 10,Sturm Graz,Wolfsberger AC,1,1,1,1,52.0,48.0,0.91,0.46,0,0,0,0,0,0,0,0,0,0,0,0,0,0,0,0,0,0,0,0,0.0,0.0,0,0,0,0,0,0,0,0,0,0,0,0,0,0,0,0,0,0,0.0,0.0,0.0,0.0,0.0,0.0
https://redscores.com/match/salzburg-blau-weis-linz/zxd3#1678084,2025-05-18,12:00,Austria,Tipico Bundesliga,Rodada 9,Blau-Weiß Linz,Salzburg,1,2,1,2,32.0,68.0,0.89,0.7,0,0,0,0,0,0,0,0,0,0,0,0,0,0,0,0,0,0,0,0,0.0,0.0,0,0,0,0,0,0,0,0,0,0,0,0,0,0,0,0,0,0,0.0,0.0,0.0,0.0,0.0,0.0
https://redscores.com/match/rheindorf-altach-austria-klagenfurt/WBAxTCA#1678061,2025-05-17,12:00,Austria,Tipico Bundesliga,Rodada 9,Rheindorf Altach,Austria Klagenfurt,0,0,0,0,60.0,40.0,0.53,1.01,0,0,0,0,0,0,0,0,0,0,0,0,0,0,0,0,0,0,0,0,0.0,0.0,0,0,0,0,0,0,0,0,0,0,0,0,0,0,0,0,0,0,0.0,0.0,0.0,0.0,0.0,0.0
https://redscores.com/match/austria-klagenfurt-wsg-tirol/TCAx3CA#1678062,2025-05-10,12:00,Austria,Tipico Bundesliga,Rodada 8,Austria Klagenfurt,WSG Tirol,1,4,1,4,51.0,49.0,4.03,2.1,0,0,0,0,0,0,0,0,0,0,0,0,0,0,0,0,0,0,0,0,0.0,0.0,0,0,0,0,0,0,0,0,0,0,0,0,0,0,0,0,0,0,0.0,0.0,0.0,0.0,0.0,0.0
https://redscores.com/match/blau-weis-linz-sturm-graz/d3xb4#1678171,2025-05-04,09:30,Austria,Tipico Bundesliga,Rodada 7,Blau-Weiß Linz,Sturm Graz,0,1,0,1,51.0,49.0,0.42,2.58,0,0,0,0,0,0,0,0,0,0,0,0,0,0,0,0,0,0,0,0,0.0,0.0,0,0,0,0,0,0,0,0,0,0,0,0,0,0,0,0,0,0,0.0,0.0,0.0,0.0,0.0,0.0
https://redscores.com/match/lask-linz-austria-klagenfurt/h4xTCA#1678071,2025-04-26,12:00,Austria,Tipico Bundesliga,Rodada 6,LASK Linz,Austria Klagenfurt,6,0,6,0,74.0,26.0,1.95,0.42,0,0,0,0,0,0,0,0,0,0,0,0,0,0,0,0,0,0,0,0,0.0,0.0,0,0,0,0,0,0,0,0,0,0,0,0,0,0,0,0,0,0,0.0,0.0,0.0,0.0,0.0,0.0
https://redscores.com/match/blau-weis-linz-rapid-vienna/d3xj9#1678160,2025-04-23,13:30,Austria,Tipico Bundesliga,Rodada 5,Blau-Weiß Linz,Rapid Vienna,2,1,2,1,31.0,69.0,1.0,1.46,0,0,0,0,0,0,0,0,0,0,0,0,0,0,0,0,0,0,0,0,0.0,0.0,0,0,0,0,0,0,0,0,0,0,0,0,0,0,0,0,0,0,0.0,0.0,0.0,0.0,0.0,0.0
https://redscores.com/match/rapid-vienna-wolfsberger-ac/j9xCAA#1678163,2025-04-20,09:30,Austria,Tipico Bundesliga,Rodada 4,Wolfsberger AC,Rapid Vienna,5,1,5,1,54.0,46.0,4.36,1.14,0,0,0,0,0,0,0,0,0,0,0,0,0,0,0,0,0,0,0,0,0.0,0.0,0,0,0,0,0,0,0,0,0,0,0,0,0,0,0,0,0,0,0.0,0.0,0.0,0.0,0.0,0.0
https://redscores.com/match/austria-wien-rapid-vienna/P8xj9#1678166,2025-04-13,12:00,Austria,Tipico Bundesliga,Rodada 3,Rapid Vienna,Austria Wien,2,0,2,0,41.0,59.0,1.75,1.11,0,0,0,0,0,0,0,0,0,0,0,0,0,0,0,0,0,0,0,0,0.0,0.0,0,0,0,0,0,0,0,0,0,0,0,0,0,0,0,0,0,0,0.0,0.0,0.0,0.0,0.0,0.0
https://redscores.com/match/blau-weis-linz-wolfsberger-ac/d3xCAA#1678156,2025-04-11,14:30,Austria,Tipico Bundesliga,Rodada 3,Blau-Weiß Linz,Wolfsberger AC,1,2,1,2,46.0,54.0,0.58,2.38,0,0,0,0,0,0,0,0,0,0,0,0,0,0,0,0,0,0,0,0,0.0,0.0,0,0,0,0,0,0,0,0,0,0,0,0,0,0,0,0,0,0,0.0,0.0,0.0,0.0,0.0,0.0
https://redscores.com/match/sturm-graz-rapid-vienna/b4xj9#1678159,2025-04-04,14:30,Austria,Tipico Bundesliga,Rodada 2,Sturm Graz,Rapid Vienna,2,0,2,0,43.0,57.0,1.41,1.27,0,0,0,0,0,0,0,0,0,0,0,0,0,0,0,0,0,0,0,0,0.0,0.0,0,0,0,0,0,0,0,0,0,0,0,0,0,0,0,0,0,0,0.0,0.0,0.0,0.0,0.0,0.0
https://redscores.com/match/wsg-tirol-grazer-ak/3CAx0qA#1676947,2025-03-29,13:00,Austria,Tipico Bundesliga,Rodada 1,Grazer AK,WSG Tirol,0,0,0,0,56.0,44.0,0.68,0.68,0,0,0,0,0,0,0,0,0,0,0,0,0,0,0,0,0,0,0,0,0.0,0.0,0,0,0,0,0,0,0,0,0,0,0,0,0,0,0,0,0,0,0.0,0.0,0.0,0.0,0.0,0.0
https://redscores.com/match/austria-wien-wsg-tirol/P8x3CA#1422990,2025-03-16,13:00,Austria,Tipico Bundesliga,Rodada 22,WSG Tirol,Austria Wien,0,2,0,2,37.0,63.0,0.94,1.9,0,0,0,0,0,0,0,0,0,0,0,0,0,0,0,0,0,0,0,0,0.0,0.0,0,0,0,0,0,0,0,0,0,0,0,0,0,0,0,0,0,0,0.0,0.0,0.0,0.0,0.0,0.0
https://redscores.com/match/sturm-graz-lask-linz/b4xh4#1422985,2025-03-16,13:00,Austria,Tipico Bundesliga,Rodada 22,Sturm Graz,LASK Linz,4,2,4,2,54.0,46.0,3.55,0.92,0,0,0,0,0,0,0,0,0,0,0,0,0,0,0,0,0,0,0,0,0.0,0.0,0,0,0,0,0,0,0,0,0,0,0,0,0,0,0,0,0,0,0.0,0.0,0.0,0.0,0.0,0.0
https://redscores.com/match/rapid-vienna-grazer-ak/j9x0qA#1422991,2025-03-16,13:00,Austria,Tipico Bundesliga,Rodada 22,Rapid Vienna,Grazer AK,3,0,3,0,72.0,28.0,2.82,0.25,0,0,0,0,0,0,0,0,0,0,0,0,0,0,0,0,0,0,0,0,0.0,0.0,0,0,0,0,0,0,0,0,0,0,0,0,0,0,0,0,0,0,0.0,0.0,0.0,0.0,0.0,0.0
https://redscores.com/match/salzburg-wolfsberger-ac/zxCAA#1422988,2025-03-16,13:00,Austria,Tipico Bundesliga,Rodada 22,Salzburg,Wolfsberger AC,1,0,1,0,58.0,42.0,1.38,0.75,0,0,0,0,0,0,0,0,0,0,0,0,0,0,0,0,0,0,0,0,0.0,0.0,0,0,0,0,0,0,0,0,0,0,0,0,0,0,0,0,0,0,0.0,0.0,0.0,0.0,0.0,0.0
https://redscores.com/match/austria-wien-austria-klagenfurt/P8xTCA#1422893,2025-03-09,13:00,Austria,Tipico Bundesliga,Rodada 21,Austria Wien,Austria Klagenfurt,2,0,2,0,64.0,36.0,2.97,0.4,0,0,0,0,0,0,0,0,0,0,0,0,0,0,0,0,0,0,0,0,0.0,0.0,0,0,0,0,0,0,0,0,0,0,0,0,0,0,0,0,0,0,0.0,0.0,0.0,0.0,0.0,0.0
https://redscores.com/match/salzburg-sturm-graz/zxb4#1422979,2025-03-02,13:00,Austria,Tipico Bundesliga,Rodada 20,Salzburg,Sturm Graz,3,1,3,1,58.0,42.0,3.18,1.79,0,0,0,0,0,0,0,0,0,0,0,0,0,0,0,0,0,0,0,0,0.0,0.0,0,0,0,0,0,0,0,0,0,0,0,0,0,0,0,0,0,0,0.0,0.0,0.0,0.0,0.0,0.0
https://redscores.com/match/austria-klagenfurt-grazer-ak/TCAx0qA#1422976,2025-02-22,13:00,Austria,Tipico Bundesliga,Rodada 19,Austria Klagenfurt,Grazer AK,4,2,4,2,61.0,39.0,3.37,1.22,0,0,0,0,0,0,0,0,0,0,0,0,0,0,0,0,0,0,0,0,0.0,0.0,0,0,0,0,0,0,0,0,0,0,0,0,0,0,0,0,0,0,0.0,0.0,0.0,0.0,0.0,0.0
https://redscores.com/match/lask-linz-grazer-ak/h4x0qA#1422890,2025-02-16,10:30,Austria,Tipico Bundesliga,Rodada 18,Grazer AK,LASK Linz,0,0,0,0,38.0,62.0,0.96,0.85,0,0,0,0,0,0,0,0,0,0,0,0,0,0,0,0,0,0,0,0,0.0,0.0,0,0,0,0,0,0,0,0,0,0,0,0,0,0,0,0,0,0,0.0,0.0,0.0,0.0,0.0,0.0
https://redscores.com/match/austria-klagenfurt-hartberg/TCAxRQA#1422974,2025-02-16,10:30,Austria,Tipico Bundesliga,Rodada 18,Hartberg,Austria Klagenfurt,1,1,1,1,70.0,30.0,2.37,1.56,0,0,0,0,0,0,0,0,0,0,0,0,0,0,0,0,0,0,0,0,0.0,0.0,0,0,0,0,0,0,0,0,0,0,0,0,0,0,0,0,0,0,0.0,0.0,0.0,0.0,0.0,0.0
https://redscores.com/match/salzburg-wsg-tirol/zx3CA#1422971,2025-02-15,13:00,Austria,Tipico Bundesliga,Rodada 18,Salzburg,WSG Tirol,1,1,1,1,69.0,31.0,4.21,0.4,0,0,0,0,0,0,0,0,0,0,0,0,0,0,0,0,0,0,0,0,0.0,0.0,0,0,0,0,0,0,0,0,0,0,0,0,0,0,0,0,0,0,0.0,0.0,0.0,0.0,0.0,0.0
https://redscores.com/match/blau-weis-linz-lask-linz/d3xh4#1422861,2025-02-09,13:00,Austria,Tipico Bundesliga,Rodada 17,LASK Linz,Blau-Weiß Linz,0,0,0,0,69.0,31.0,1.99,0.5,0,0,0,0,0,0,0,0,0,0,0,0,0,0,0,0,0,0,0,0,0.0,0.0,0,0,0,0,0,0,0,0,0,0,0,0,0,0,0,0,0,0,0.0,0.0,0.0,0.0,0.0,0.0
https://redscores.com/match/salzburg-austria-klagenfurt/zxTCA#1422967,2025-02-09,10:30,Austria,Tipico Bundesliga,Rodada 17,Austria Klagenfurt,Salzburg,0,0,0,0,29.0,71.0,0.27,0.97,0,0,0,0,0,0,0,0,0,0,0,0,0,0,0,0,0,0,0,0,0.0,0.0,0,0,0,0,0,0,0,0,0,0,0,0,0,0,0,0,0,0,0.0,0.0,0.0,0.0,0.0,0.0
https://redscores.com/match/blau-weis-linz-austria-klagenfurt/d3xTCA#1422964,2024-12-08,10:30,Austria,Tipico Bundesliga,Rodada 16,Blau-Weiß Linz,Austria Klagenfurt,2,1,2,1,48.0,52.0,1.72,1.08,0,0,0,0,0,0,0,0,0,0,0,0,0,0,0,0,0,0,0,0,0.0,0.0,0,0,0,0,0,0,0,0,0,0,0,0,0,0,0,0,0,0,0.0,0.0,0.0,0.0,0.0,0.0
https://redscores.com/match/salzburg-rapid-vienna/zxj9#1422963,2024-12-07,13:00,Austria,Tipico Bundesliga,Rodada 16,Salzburg,Rapid Vienna,2,2,2,2,48.0,52.0,2.81,1.44,0,0,0,0,0,0,0,0,0,0,0,0,0,0,0,0,0,0,0,0,0.0,0.0,0,0,0,0,0,0,0,0,0,0,0,0,0,0,0,0,0,0,0.0,0.0,0.0,0.0,0.0,0.0
https://redscores.com/match/sturm-graz-wsg-tirol/b4x3CA#1422966,2024-12-07,13:00,Austria,Tipico Bundesliga,Rodada 16,WSG Tirol,Sturm Graz,0,3,0,3,59.0,41.0,0.39,1.22,0,0,0,0,0,0,0,0,0,0,0,0,0,0,0,0,0,0,0,0,0.0,0.0,0,0,0,0,0,0,0,0,0,0,0,0,0,0,0,0,0,0,0.0,0.0,0.0,0.0,0.0,0.0
https://redscores.com/match/blau-weis-linz-grazer-ak/d3x0qA#1422956,2024-11-24,10:30,Austria,Tipico Bundesliga,Rodada 14,Blau-Weiß Linz,Grazer AK,1,2,1,2,64.0,36.0,0.93,2.19,0,0,0,0,0,0,0,0,0,0,0,0,0,0,0,0,0,0,0,0,0.0,0.0,0,0,0,0,0,0,0,0,0,0,0,0,0,0,0,0,0,0,0.0,0.0,0.0,0.0,0.0,0.0
https://redscores.com/match/salzburg-lask-linz/zxh4#1422885,2024-11-23,13:00,Austria,Tipico Bundesliga,Rodada 14,Salzburg,LASK Linz,1,2,1,2,67.0,33.0,2.15,0.83,0,0,0,0,0,0,0,0,0,0,0,0,0,0,0,0,0,0,0,0,0.0,0.0,0,0,0,0,0,0,0,0,0,0,0,0,0,0,0,0,0,0,0.0,0.0,0.0,0.0,0.0,0.0
https://redscores.com/match/rapid-vienna-wsg-tirol/j9x3CA#1422957,2024-11-23,13:00,Austria,Tipico Bundesliga,Rodada 14,WSG Tirol,Rapid Vienna,0,0,0,0,27.0,73.0,0.16,0.95,0,0,0,0,0,0,0,0,0,0,0,0,0,0,0,0,0,0,0,0,0.0,0.0,0,0,0,0,0,0,0,0,0,0,0,0,0,0,0,0,0,0,0.0,0.0,0.0,0.0,0.0,0.0
https://redscores.com/match/sturm-graz-austria-klagenfurt/b4xTCA#1422955,2024-11-23,13:00,Austria,Tipico Bundesliga,Rodada 14,Sturm Graz,Austria Klagenfurt,7,0,7,0,50.0,50.0,3.28,0.59,0,0,0,0,0,0,0,0,0,0,0,0,0,0,0,0,0,0,0,0,0.0,0.0,0,0,0,0,0,0,0,0,0,0,0,0,0,0,0,0,0,0,0.0,0.0,0.0,0.0,0.0,0.0
https://redscores.com/match/austria-wien-wolfsberger-ac/P8xCAA#1422884,2024-11-09,13:00,Austria,Tipico Bundesliga,Rodada 13,Wolfsberger AC,Austria Wien,0,1,0,1,59.0,41.0,1.11,0.62,0,0,0,0,0,0,0,0,0,0,0,0,0,0,0,0,0,0,0,0,0.0,0.0,0,0,0,0,0,0,0,0,0,0,0,0,0,0,0,0,0,0,0.0,0.0,0.0,0.0,0.0,0.0