Match_ID,Campeonato,Rodada,Home,Away,Score_Home,Score_Away,Data,Hora,H_Gols_HT,A_Gols_HT
lQQTzpqQ,BRASIL: Brasileirão Betano,RODADA 38,Atlético-MG,Vasco,5,0,,,,
YyRPIpNs,BRASIL: Brasileirão Betano,RODADA 38,Botafogo,Fortaleza,4,2,,,,
ll9GRu6C,BRASIL: Brasileirão Betano,RODADA 38,Ceará,Palmeiras,1,3,,,,
t2UXGOif,BRASIL: Brasileirão Betano,RODADA 38,Corinthians,Juventude,1,1,,,,
l4kgO6aK,BRASIL: Brasileirão Betano,RODADA 38,Fluminense,Bahia,2,0,,,,
K8HaVN6m,BRASIL: Brasileirão Betano,RODADA 38,Internacional,Red Bull Bragantino,3,1,,,,
xUNtF2M6,BRASIL: Brasileirão Betano,RODADA 38,Santos,Cruzeiro,3,0,,,,
rm2PPJzP,BRASIL: Brasileirão Betano,RODADA 38,Sport,Grêmio,0,4,,,,
tO58T1y0,BRASIL: Brasileirão Betano,RODADA 38,Vitória,São Paulo,1,0,,,,
AsMlDtiJ,BRASIL: Brasileirão Betano,RODADA 38,Mirassol,Flamengo,3,3,,,,
2ZBCBTFE,BRASIL: Brasileirão Betano,RODADA 37,Cruzeiro,Botafogo,2,2,,,,
Cj0mREE8,BRASIL: Brasileirão Betano,RODADA 34,Atlético-MG,Palmeiras,0,3,,,,
h0MSBxAc,BRASIL: Brasileirão Betano,RODADA 37,Flamengo,Ceará,1,0,,,,
8zii4o8l,BRASIL: Brasileirão Betano,RODADA 37,Bahia,Sport,2,0,,,,
EDVHknge,BRASIL: Brasileirão Betano,RODADA 37,São Paulo,Internacional,3,0,,,,
xGr8037D,BRASIL: Brasileirão Betano,RODADA 37,Juventude,Santos,0,3,,,,
tlka2Px1,BRASIL: Brasileirão Betano,RODADA 37,Fortaleza,Corinthians,2,1,,,,
URz3J2e2,BRASIL: Brasileirão Betano,RODADA 34,Red Bull Bragantino,Vitória,4,0,,,,
ljAK97pR,BRASIL: Brasileirão Betano,RODADA 37,Grêmio,Fluminense,1,2,,,,
naFyAGvA,BRASIL: Brasileirão Betano,RODADA 37,Vasco,Mirassol,0,2,,,,
YLYhUvRH,BRASIL: Brasileirão Betano,RODADA 35,Fortaleza,Atlético-MG,1,0,,,,
nPbSrvtB,BRASIL: Brasileirão Betano,RODADA 36,Corinthians,Botafogo,2,2,,,,
tMhAgefT,BRASIL: Brasileirão Betano,RODADA 36,Ceará,Cruzeiro,1,1,,,,
Yek2eHPG,BRASIL: Brasileirão Betano,RODADA 36,Vitória,Mirassol,2,0,,,,
8vmysIAN,BRASIL: Brasileirão Betano,RODADA 36,Santos,Sport,3,0,,,,
tSeKp0Bb,BRASIL: Brasileirão Betano,RODADA 36,Vasco,Internacional,5,1,,,,
QgUtlZHj,BRASIL: Brasileirão Betano,RODADA 36,Juventude,Bahia,1,1,,,,
p02BnMtn,BRASIL: Brasileirão Betano,RODADA 36,Fluminense,São Paulo,6,0,,,,
vNw7ydYp,BRASIL: Brasileirão Betano,RODADA 36,Red Bull Bragantino,Fortaleza,0,1,,,,
fVLgaaQi,BRASIL: Brasileirão Betano,RODADA 36,Atlético-MG,Flamengo,1,1,,,,
SrK1cwe4,BRASIL: Brasileirão Betano,RODADA 36,Grêmio,Palmeiras,3,2,,,,
QknxYMRh,BRASIL: Brasileirão Betano,RODADA 35,Internacional,Santos,1,1,,,,
vaDJFuCO,BRASIL: Brasileirão Betano,RODADA 35,Mirassol,Ceará,3,0,,,,
IPrUZrct,BRASIL: Brasileirão Betano,RODADA 35,Cruzeiro,Corinthians,3,0,,,,
UmS1SIeU,BRASIL: Brasileirão Betano,RODADA 35,Sport,Vitória,1,3,,,,
n5zoW0d5,BRASIL: Brasileirão Betano,RODADA 35,Bahia,Vasco,1,0,,,,
6oFBH1sC,BRASIL: Brasileirão Betano,RODADA 35,São Paulo,Juventude,2,1,,,,
bNjNwhbE,BRASIL: Brasileirão Betano,RODADA 35,Flamengo,Red Bull Bragantino,3,0,,,,
Qy73JNCa,BRASIL: Brasileirão Betano,RODADA 35,Palmeiras,Fluminense,0,0,,,,
IB3eLqrm,BRASIL: Brasileirão Betano,RODADA 35,Botafogo,Grêmio,3,2,,,,
CErzIAye,BRASIL: Brasileirão Betano,RODADA 34,Ceará,Internacional,1,2,,,,
4piOQp3S,BRASIL: Brasileirão Betano,RODADA 34,Corinthians,São Paulo,3,1,,,,
v1pSJW6r,BRASIL: Brasileirão Betano,RODADA 34,Bahia,Fortaleza,2,3,,,,
WGbyGl67,BRASIL: Brasileirão Betano,RODADA 34,Juventude,Cruzeiro,3,3,,,,
z5a7US33,BRASIL: Brasileirão Betano,RODADA 34,Fluminense,Flamengo,2,1,,,,
KG3ePhqL,BRASIL: Brasileirão Betano,RODADA 34,Grêmio,Vasco,2,0,,,,
OUXfLOQk,BRASIL: Brasileirão Betano,RODADA 34,Santos,Mirassol,1,1,,,,
Iox9i8Or,BRASIL: Brasileirão Betano,RODADA 37,Palmeiras,Vitória,0,0,,,,
WWhGS6YF,BRASIL: Brasileirão Betano,RODADA 34,Botafogo,Sport,3,2,,,,
MwZPmQN7,BRASIL: Brasileirão Betano,RODADA 37,Red Bull Bragantino,Atlético-MG,2,0,,,,
dv6oSgXr,BRASIL: Brasileirão Betano,RODADA 13,Santos,Palmeiras,1,0,,,,
GKpCDfIk,BRASIL: Brasileirão Betano,RODADA 12,"Sport
2",Flamengo,1,5,,,,
GGAOhZbD,BRASIL: Brasileirão Betano,RODADA 16,Atlético-MG,Fortaleza,3,3,,,,
Ms9D8osp,BRASIL: Brasileirão Betano,RODADA 33,Fortaleza,Grêmio,2,2,,,,
8vqvfnSj,BRASIL: Brasileirão Betano,RODADA 33,Mirassol,Palmeiras,2,1,,,,
lEpj5Czh,BRASIL: Brasileirão Betano,RODADA 33,Flamengo,Santos,3,2,,,,
Gt4a1UZG,BRASIL: Brasileirão Betano,RODADA 33,Corinthians,Ceará,0,1,,,,
MJQQHkKc,BRASIL: Brasileirão Betano,RODADA 33,Cruzeiro,Fluminense,0,0,,,,
jaIsE7JM,BRASIL: Brasileirão Betano,RODADA 33,Vitória,Botafogo,0,0,,,,
xdh8a84T,BRASIL: Brasileirão Betano,RODADA 33,São Paulo,Red Bull Bragantino,0,1,,,,
fXOYFTlA,BRASIL: Brasileirão Betano,RODADA 33,Internacional,Bahia,2,2,,,,
8G0i3j54,BRASIL: Brasileirão Betano,RODADA 33,Vasco,Juventude,1,3,,,,
rccM6PBd,BRASIL: Brasileirão Betano,RODADA 33,Sport,Atlético-MG,2,4,,,,
YP8tk0pf,BRASIL: Brasileirão Betano,RODADA 32,Palmeiras,Santos,2,0,,,,
2JuWaHbC,BRASIL: Brasileirão Betano,RODADA 32,Ceará,Fortaleza,1,1,,,,
2yZ1drhK,BRASIL: Brasileirão Betano,RODADA 32,Fluminense,Mirassol,1,0,,,,
Ui2kmvF6,BRASIL: Brasileirão Betano,RODADA 32,São Paulo,Flamengo,2,2,,,,
IDrp9LyQ,BRASIL: Brasileirão Betano,RODADA 32,Atlético-MG,Bahia,3,0,,,,
YwlF3aam,BRASIL: Brasileirão Betano,RODADA 32,Grêmio,Cruzeiro,0,1,,,,
n9AYjMFs,BRASIL: Brasileirão Betano,RODADA 32,Botafogo,Vasco,3,0,,,,
250coIqJ,BRASIL: Brasileirão Betano,RODADA 32,Red Bull Bragantino,"Corinthians
2",2,1,,,,
dKc4s9ro,BRASIL: Brasileirão Betano,RODADA 32,Sport,Juventude,0,2,,,,
fgxO1wUa,BRASIL: Brasileirão Betano,RODADA 32,Vitória,Internacional,1,0,,,,
j38gV5gL,BRASIL: Brasileirão Betano,RODADA 31,Vasco,São Paulo,0,2,,,,
lY8SsqwR,BRASIL: Brasileirão Betano,RODADA 31,Internacional,Atlético-MG,0,0,,,,
zVtGYv0D,BRASIL: Brasileirão Betano,RODADA 31,Juventude,Palmeiras,0,2,,,,
6kkaxN0l,BRASIL: Brasileirão Betano,RODADA 31,Bahia,Red Bull Bragantino,2,1,,,,
v3m7z1V0,BRASIL: Brasileirão Betano,RODADA 31,Ceará,Fluminense,2,0,,,,
nZgPPqHr,BRASIL: Brasileirão Betano,RODADA 31,Corinthians,Grêmio,2,0,,,,
fyFpXRO8,BRASIL: Brasileirão Betano,RODADA 31,Flamengo,Sport,3,0,,,,
0CSXL1G7,BRASIL: Brasileirão Betano,RODADA 31,Mirassol,Botafogo,0,0,,,,
t85Kq58E,BRASIL: Brasileirão Betano,RODADA 31,Cruzeiro,Vitória,3,1,,,,
hnPPNNoe,BRASIL: Brasileirão Betano,RODADA 31,Santos,Fortaleza,1,1,,,,
lWodnIJj,BRASIL: Brasileirão Betano,RODADA 12,Fluminense,Ceará,1,0,,,,
n7czHFYA,BRASIL: Brasileirão Betano,RODADA 30,Palmeiras,Cruzeiro,0,0,,,,
IeXE9XQp,BRASIL: Brasileirão Betano,RODADA 30,Red Bull Bragantino,Vasco,0,3,,,,
vsfSIy4b,BRASIL: Brasileirão Betano,RODADA 30,Botafogo,Santos,2,2,,,,
6HD9VEm4,BRASIL: Brasileirão Betano,RODADA 30,Grêmio,Juventude,3,1,,,,
8MoqFg3N,BRASIL: Brasileirão Betano,RODADA 30,São Paulo,Bahia,2,0,,,,
6FYkBp2k,BRASIL: Brasileirão Betano,RODADA 30,Fortaleza,Flamengo,1,0,,,,
SUMb9OW1,BRASIL: Brasileirão Betano,RODADA 30,Sport,Mirassol,1,2,,,,
rF0JKcZo,BRASIL: Brasileirão Betano,RODADA 30,Fluminense,Internacional,1,0,,,,
Y3F1XzJi,BRASIL: Brasileirão Betano,RODADA 30,Atlético-MG,Ceará,1,0,,,,
2q7IThIG,BRASIL: Brasileirão Betano,RODADA 30,Vitória,Corinthians,0,1,,,,
YH8ywW2b,BRASIL: Brasileirão Betano,RODADA 14,Bahia,Internacional,1,0,,,,
Y5pU5U8C,BRASIL: Brasileirão Betano,RODADA 29,Santos,Vitória,0,1,,,,
ptCtFYoQ,BRASIL: Brasileirão Betano,RODADA 29,Vasco,Fluminense,2,0,,,,
S2Q90flU,BRASIL: Brasileirão Betano,RODADA 29,Juventude,Red Bull Bragantino,1,0,,,,
vTEg4xk5,BRASIL: Brasileirão Betano,RODADA 29,Bahia,Grêmio,4,0,,,,
ngI12GJH,BRASIL: Brasileirão Betano,RODADA 29,Ceará,Botafogo,0,2,,,,
IDQp6bKh,BRASIL: Brasileirão Betano,RODADA 29,Internacional,Sport,2,0,,,,
6Jrx48wP,BRASIL: Brasileirão Betano,RODADA 29,Mirassol,São Paulo,3,0,,,,
K2KfiVgJ,BRASIL: Brasileirão Betano,RODADA 29,Flamengo,Palmeiras,3,2,,,,
AmNx8Kkt,BRASIL: Brasileirão Betano,RODADA 29,Cruzeiro,Fortaleza,1,0,,,,
UDmD9C9m,BRASIL: Brasileirão Betano,RODADA 29,Corinthians,Atlético-MG,1,0,,,,
MVjUv14d,BRASIL: Brasileirão Betano,RODADA 28,Fluminense,Juventude,1,0,,,,
feZUdZPs,BRASIL: Brasileirão Betano,RODADA 28,Vitória,Bahia,2,1,,,,
OfcbFst9,BRASIL: Brasileirão Betano,RODADA 28,Grêmio,São Paulo,2,0,,,,
raKBivl2,BRASIL: Brasileirão Betano,RODADA 28,Atlético-MG,Cruzeiro,1,1,,,,
jNSweDff,BRASIL: Brasileirão Betano,RODADA 28,"Fortaleza
2",Vasco,0,2,,,,
GlzXbMeS,BRASIL: Brasileirão Betano,RODADA 28,Santos,Corinthians,3,1,,,,
zZG3g0Jk,BRASIL: Brasileirão Betano,RODADA 28,Mirassol,Internacional,3,1,,,,
OzRogiP6,BRASIL: Brasileirão Betano,RODADA 28,Sport,Ceará,1,1,,,,
lxqG24d3,BRASIL: Brasileirão Betano,RODADA 28,Botafogo,Flamengo,0,3,,,,
ryxP0rRF,BRASIL: Brasileirão Betano,RODADA 28,Palmeiras,Red Bull Bragantino,5,1,,,,
xhSj8atA,BRASIL: Brasileirão Betano,RODADA 12,Palmeiras,Juventude,4,1,,,,
GtMnQX1e,BRASIL: Brasileirão Betano,RODADA 13,Mirassol,Fluminense,2,1,,,,
nRmLztMU,BRASIL: Brasileirão Betano,RODADA 14,Atlético-MG,Sport,3,1,,,,
UXBknqCM,BRASIL: Brasileirão Betano,RODADA 27,Ceará,Santos,3,0,,,,
M9FgSNKj,BRASIL: Brasileirão Betano,RODADA 27,Cruzeiro,Sport,1,1,,,,
AVell5sA,BRASIL: Brasileirão Betano,RODADA 27,Bahia,"Flamengo
2",1,0,,,,
0G2LtNZq,BRASIL: Brasileirão Betano,RODADA 27,Juventude,Fortaleza,1,2,,,,
UBzFZ5SG,BRASIL: Brasileirão Betano,RODADA 27,São Paulo,Palmeiras,2,3,,,,
txPbwlTi,BRASIL: Brasileirão Betano,RODADA 27,Vasco,Vitória,4,3,,,,
x4I7ySc4,BRASIL: Brasileirão Betano,RODADA 27,Corinthians,Mirassol,3,0,,,,
lrxDFpyo,BRASIL: Brasileirão Betano,RODADA 27,Fluminense,Atlético-MG,3,0,,,,
xIctjRCc,BRASIL: Brasileirão Betano,RODADA 27,Internacional,Botafogo,2,0,,,,
jRONXqcT,BRASIL: Brasileirão Betano,RODADA 27,Red Bull Bragantino,Grêmio,1,0,,,,
E3zO6GhD,BRASIL: Brasileirão Betano,RODADA 26,Flamengo,Cruzeiro,0,0,,,,
rscYMSrB,BRASIL: Brasileirão Betano,RODADA 26,Fortaleza,São Paulo,0,2,,,,
MR8POlEb,BRASIL: Brasileirão Betano,RODADA 26,Vitória,Ceará,1,0,,,,
tAS9UJpK,BRASIL: Brasileirão Betano,RODADA 26,Botafogo,Bahia,2,1,,,,
Y77lNywf,BRASIL: Brasileirão Betano,RODADA 26,Santos,Grêmio,1,1,,,,
E15HQAqn,BRASIL: Brasileirão Betano,RODADA 26,Internacional,Corinthians,1,1,,,,
S60cLF76,BRASIL: Brasileirão Betano,RODADA 26,Mirassol,Red Bull Bragantino,1,1,,,,
Qs4tPc8s,BRASIL: Brasileirão Betano,RODADA 26,Palmeiras,Vasco,3,0,,,,
UcetL6DN,BRASIL: Brasileirão Betano,RODADA 26,Sport,Fluminense,2,2,,,,
0Kb5JgxJ,BRASIL: Brasileirão Betano,RODADA 26,Atlético-MG,Juventude,0,0,,,,
Q7mXcL9r,BRASIL: Brasileirão Betano,RODADA 25,São Paulo,Ceará,0,1,,,,
Uy213snL,BRASIL: Brasileirão Betano,RODADA 25,Corinthians,Flamengo,1,2,,,,
MZttdave,BRASIL: Brasileirão Betano,RODADA 25,Red Bull Bragantino,Santos,2,2,,,,
GhQrGKVQ,BRASIL: Brasileirão Betano,RODADA 25,Bahia,Palmeiras,1,0,,,,
SCL6s0P1,BRASIL: Brasileirão Betano,RODADA 25,Fluminense,Botafogo,2,0,,,,
8SMzIt1E,BRASIL: Brasileirão Betano,RODADA 25,Grêmio,Vitória,3,1,,,,
SWqlfw97,BRASIL: Brasileirão Betano,RODADA 25,Atlético-MG,Mirassol,1,0,,,,
8j5N8xO0,BRASIL: Brasileirão Betano,RODADA 25,Juventude,Internacional,1,1,,,,
Y98h53H8,BRASIL: Brasileirão Betano,RODADA 25,Vasco,Cruzeiro,2,0,,,,
zw7FAbgl,BRASIL: Brasileirão Betano,RODADA 25,Fortaleza,Sport,1,0,,,,
dCmBGxiK,BRASIL: Brasileirão Betano,RODADA 16,Grêmio,Botafogo,1,1,,,,
zqKT3a7E,BRASIL: Brasileirão Betano,RODADA 16,Vasco,Bahia,3,1,,,,
ADfFhrId,BRASIL: Brasileirão Betano,RODADA 24,Cruzeiro,Red Bull Bragantino,2,1,,,,
ravZCC3B,BRASIL: Brasileirão Betano,RODADA 24,Santos,São Paulo,1,0,,,,
0KpGdiJU,BRASIL: Brasileirão Betano,RODADA 24,Flamengo,Vasco,1,1,,,,
6ZlBhQX2,BRASIL: Brasileirão Betano,RODADA 24,Internacional,Grêmio,2,3,,,,
6cXcqMfk,BRASIL: Brasileirão Betano,RODADA 24,Sport,Corinthians,1,0,,,,
2mi7f4mp,BRASIL: Brasileirão Betano,RODADA 24,Mirassol,Juventude,2,0,,,,
zZzREYYb,BRASIL: Brasileirão Betano,RODADA 24,Palmeiras,Fortaleza,4,1,,,,
GWKPGf4n,BRASIL: Brasileirão Betano,RODADA 24,Botafogo,Atlético-MG,1,0,,,,
zFtSlrXR,BRASIL: Brasileirão Betano,RODADA 24,Ceará,Bahia,1,1,,,,
vmmJj42F,BRASIL: Brasileirão Betano,RODADA 24,Vitória,Fluminense,0,1,,,,
tQYsALBc,BRASIL: Brasileirão Betano,RODADA 12,Botafogo,Mirassol,3,3,,,,
zDaj2ekg,BRASIL: Brasileirão Betano,RODADA 23,Bahia,Cruzeiro,1,2,,,,
4ApwevrQ,BRASIL: Brasileirão Betano,RODADA 23,Vasco,Ceará,2,2,,,,
M9ZGmdz0,BRASIL: Brasileirão Betano,RODADA 23,São Paulo,Botafogo,1,0,,,,
jkRXqEZO,BRASIL: Brasileirão Betano,RODADA 23,Atlético-MG,Santos,1,1,,,,
4hi7bDlI,BRASIL: Brasileirão Betano,RODADA 23,Juventude,Flamengo,0,2,,,,
IyTPoz5C,BRASIL: Brasileirão Betano,RODADA 23,Red Bull Bragantino,Sport,1,1,,,,
x4hiXzjJ,BRASIL: Brasileirão Betano,RODADA 23,Fluminense,Corinthians,0,1,,,,
lrM9kI5m,BRASIL: Brasileirão Betano,RODADA 23,Palmeiras,Internacional,4,1,,,,
dSma0ZJ5,BRASIL: Brasileirão Betano,RODADA 23,Fortaleza,Vitória,2,0,,,,
UFdr4HKt,BRASIL: Brasileirão Betano,RODADA 23,Grêmio,Mirassol,0,1,,,,
rsHer1bK,BRASIL: Brasileirão Betano,RODADA 22,Internacional,Fortaleza,2,1,,,,
txarZdL6,BRASIL: Brasileirão Betano,RODADA 22,Sport,Vasco,2,3,,,,
4WcStlNF,BRASIL: Brasileirão Betano,RODADA 22,Corinthians,Palmeiras,1,1,,,,
fLz1MJy1,BRASIL: Brasileirão Betano,RODADA 22,Mirassol,Bahia,5,1,,,,
EP7RxuMs,BRASIL: Brasileirão Betano,RODADA 22,Vitória,Atlético-MG,1,0,,,,
tbCXK60d,BRASIL: Brasileirão Betano,RODADA 22,Flamengo,Grêmio,1,1,,,,
zJKaOu7l,BRASIL: Brasileirão Betano,RODADA 22,Santos,Fluminense,0,0,,,,
2ov9Kc6D,BRASIL: Brasileirão Betano,RODADA 22,Cruzeiro,São Paulo,1,0,,,,
844JrAh3,BRASIL: Brasileirão Betano,RODADA 22,Botafogo,Red Bull Bragantino,4,1,,,,
8O0zyJjf,BRASIL: Brasileirão Betano,RODADA 22,Ceará,Juventude,0,1,,,,
hfP8ejXp,BRASIL: Brasileirão Betano,RODADA 21,Flamengo,Vitória,8,0,,,,
tG53HXg4,BRASIL: Brasileirão Betano,RODADA 21,Palmeiras,Sport,3,0,,,,
lt9BFBOG,BRASIL: Brasileirão Betano,RODADA 21,São Paulo,Atlético-MG,2,0,,,,
4IIgSl8M,BRASIL: Brasileirão Betano,RODADA 21,Fortaleza,Mirassol,0,1,,,,
KrOOMSVq,BRASIL: Brasileirão Betano,RODADA 21,Juventude,Botafogo,1,3,,,,
8jPpUAwA,BRASIL: Brasileirão Betano,RODADA 21,Bahia,Santos,2,0,,,,
plCfJgPi,BRASIL: Brasileirão Betano,RODADA 21,Vasco,Corinthians,2,3,,,,
zwRxWW8c,BRASIL: Brasileirão Betano,RODADA 21,Grêmio,Ceará,0,0,,,,
KUrj8TGj,BRASIL: Brasileirão Betano,RODADA 21,Cruzeiro,Internacional,2,1,,,,
AecKDkgT,BRASIL: Brasileirão Betano,RODADA 21,Red Bull Bragantino,Fluminense,4,2,,,,
2c0hZm2N,BRASIL: Brasileirão Betano,RODADA 14,Juventude,Vasco,2,0,,,,
x8r3lZPH,BRASIL: Brasileirão Betano,RODADA 20,Mirassol,Cruzeiro,1,1,,,,
C0cwfwdt,BRASIL: Brasileirão Betano,RODADA 20,Botafogo,Palmeiras,0,1,,,,
bXmD6Gun,BRASIL: Brasileirão Betano,RODADA 20,Internacional,Flamengo,1,3,,,,
ALtBnDfU,BRASIL: Brasileirão Betano,RODADA 20,"Atlético-MG
2","Grêmio
2",1,3,,,,
ttkfjee5,BRASIL: Brasileirão Betano,RODADA 20,Santos,Vasco,0,6,,,,
YFonhHQh,BRASIL: Brasileirão Betano,RODADA 20,Corinthians,Bahia,1,2,,,,
zwqx1C9N,BRASIL: Brasileirão Betano,RODADA 20,Sport,São Paulo,2,2,,,,
6ciL4fAb,BRASIL: Brasileirão Betano,RODADA 20,Vitória,Juventude,2,2,,,,
SCuU2YvB,BRASIL: Brasileirão Betano,RODADA 20,Ceará,Red Bull Bragantino,1,0,,,,
llsSnMlD,BRASIL: Brasileirão Betano,RODADA 20,Fluminense,Fortaleza,2,1,,,,
hMmJlrK0,BRASIL: Brasileirão Betano,RODADA 19,Juventude,Corinthians,2,1,,,,
E7AWcncE,BRASIL: Brasileirão Betano,RODADA 19,Grêmio,Sport,0,1,,,,
Wronjzv8,BRASIL: Brasileirão Betano,RODADA 19,Cruzeiro,Santos,1,2,,,,
WK2aavHL,BRASIL: Brasileirão Betano,RODADA 19,Palmeiras,Ceará,2,1,,,,
jBfi10n9,BRASIL: Brasileirão Betano,RODADA 19,Vasco,Atlético-MG,1,1,,,,
0O8vdQRQ,BRASIL: Brasileirão Betano,RODADA 19,Bahia,Fluminense,3,3,,,,
K8kBj4kl,BRASIL: Brasileirão Betano,RODADA 19,Fortaleza,Botafogo,0,5,,,,
O425wcf2,BRASIL: Brasileirão Betano,RODADA 19,Flamengo,Mirassol,2,1,,,,
OIsvhd9e,BRASIL: Brasileirão Betano,RODADA 19,Red Bull Bragantino,Internacional,1,3,,,,
SjlVgIvq,BRASIL: Brasileirão Betano,RODADA 19,São Paulo,Vitória,2,0,,,,
WpnjY1IM,BRASIL: Brasileirão Betano,RODADA 18,Santos,Juventude,3,1,,,,
vi9HlN23,BRASIL: Brasileirão Betano,RODADA 18,Internacional,São Paulo,1,2,,,,
C47Pn1XF,BRASIL: Brasileirão Betano,RODADA 18,Vitória,Palmeiras,2,2,,,,
OrRUQJAd,BRASIL: Brasileirão Betano,RODADA 18,Atlético-MG,Red Bull Bragantino,2,1,,,,
W6NQpu2S,BRASIL: Brasileirão Betano,RODADA 18,Ceará,Flamengo,1,1,,,,
ULkZypJc,BRASIL: Brasileirão Betano,RODADA 18,Botafogo,Cruzeiro,0,2,,,,
QmqrzOmA,BRASIL: Brasileirão Betano,RODADA 18,Corinthians,Fortaleza,1,1,,,,
xS2mEtRj,BRASIL: Brasileirão Betano,RODADA 18,Fluminense,Grêmio,1,0,,,,
GINMSutp,BRASIL: Brasileirão Betano,RODADA 18,Mirassol,Vasco,3,2,,,,
2kEduJPk,BRASIL: Brasileirão Betano,RODADA 18,Sport,Bahia,0,0,,,,
SK5TvhYo,BRASIL: Brasileirão Betano,RODADA 14,Grêmio,Fortaleza,2,1,,,,
Gxna5CrJ,BRASIL: Brasileirão Betano,RODADA 17,Flamengo,Atlético-MG,1,0,,,,
lpqazXsg,BRASIL: Brasileirão Betano,RODADA 17,Bahia,Juventude,3,0,,,,
tKuixgDt,BRASIL: Brasileirão Betano,RODADA 17,Internacional,Vasco,1,1,,,,
2gAtIkSO,BRASIL: Brasileirão Betano,RODADA 17,Cruzeiro,Ceará,1,2,,,,
zsJPLXSa,BRASIL: Brasileirão Betano,RODADA 17,São Paulo,Fluminense,3,1,,,,
SGFHNgbm,BRASIL: Brasileirão Betano,RODADA 17,Palmeiras,Grêmio,1,0,,,,
rqvoTFzQ,BRASIL: Brasileirão Betano,RODADA 17,Botafogo,Corinthians,1,1,,,,
AaX7YAC5,BRASIL: Brasileirão Betano,RODADA 17,Fortaleza,Red Bull Bragantino,3,1,,,,
UuCYJBcC,BRASIL: Brasileirão Betano,RODADA 17,Mirassol,Vitória,1,1,,,,
rRpFWlsI,BRASIL: Brasileirão Betano,RODADA 17,Sport,Santos,2,2,,,,
dzWc7YD6,BRASIL: Brasileirão Betano,RODADA 16,Juventude,São Paulo,0,1,,,,
O8hHfeU0,BRASIL: Brasileirão Betano,RODADA 16,Red Bull Bragantino,Flamengo,1,2,,,,
Sta8dHal,BRASIL: Brasileirão Betano,RODADA 16,Santos,Internacional,1,2,,,,
SfvsBGEs,BRASIL: Brasileirão Betano,RODADA 16,Vitória,Sport,2,2,,,,
WADx2wxR,BRASIL: Brasileirão Betano,RODADA 16,Corinthians,Cruzeiro,0,0,,,,
OMXk9fqf,BRASIL: Brasileirão Betano,RODADA 16,Ceará,Mirassol,0,2,,,,
UoXstdF7,BRASIL: Brasileirão Betano,RODADA 16,Fluminense,Palmeiras,1,2,,,,
MssPTRPp,BRASIL: Brasileirão Betano,RODADA 15,Flamengo,Fluminense,1,0,,,,
KlaBk9n4,BRASIL: Brasileirão Betano,RODADA 15,Palmeiras,Atlético-MG,3,2,,,,
8WrZsIpe,BRASIL: Brasileirão Betano,RODADA 15,Sport,Botafogo,0,1,,,,
KCsbt59j,BRASIL: Brasileirão Betano,RODADA 15,Cruzeiro,Juventude,4,0,,,,
65Nh2nW9,BRASIL: Brasileirão Betano,RODADA 15,Vitória,Red Bull Bragantino,1,0,,,,
YiPp481c,BRASIL: Brasileirão Betano,RODADA 15,Internacional,Ceará,1,0,,,,
SE2JmmHG,BRASIL: Brasileirão Betano,RODADA 15,São Paulo,Corinthians,2,0,,,,
lUjSoRoT,BRASIL: Brasileirão Betano,RODADA 15,Mirassol,Santos,3,0,,,,
EyUAiVHi,BRASIL: Brasileirão Betano,RODADA 15,Vasco,Grêmio,1,1,,,,
06uRqvGr,BRASIL: Brasileirão Betano,RODADA 15,Fortaleza,Bahia,1,1,,,,
KjUwO2xP,BRASIL: Brasileirão Betano,RODADA 14,Fluminense,Cruzeiro,0,2,,,,
AF9mr6Nt,BRASIL: Brasileirão Betano,RODADA 14,Botafogo,Vitória,0,0,,,,
EDkDx2iI,BRASIL: Brasileirão Betano,RODADA 14,Red Bull Bragantino,São Paulo,2,2,,,,
Iod4vOM5,BRASIL: Brasileirão Betano,RODADA 14,Santos,Flamengo,1,0,,,,
fXdpyAXA,BRASIL: Brasileirão Betano,RODADA 14,Ceará,Corinthians,0,1,,,,
WUcdtphg,BRASIL: Brasileirão Betano,RODADA 14,Palmeiras,Mirassol,1,1,,,,
OOzVPO7C,BRASIL: Brasileirão Betano,RODADA 13,Juventude,Sport,2,0,,,,
O6PfOBW7,BRASIL: Brasileirão Betano,RODADA 13,Cruzeiro,Grêmio,4,1,,,,
jBxNRpw0,BRASIL: Brasileirão Betano,RODADA 13,Fortaleza,Ceará,0,1,,,,
08KFXF9L,BRASIL: Brasileirão Betano,RODADA 13,Corinthians,Red Bull Bragantino,1,2,,,,
A1UET68m,BRASIL: Brasileirão Betano,RODADA 13,Bahia,Atlético-MG,2,1,,,,
4tR6Zyu9,BRASIL: Brasileirão Betano,RODADA 13,Vasco,Botafogo,0,2,,,,
xzZKBYn2,BRASIL: Brasileirão Betano,RODADA 13,Flamengo,São Paulo,2,0,,,,
422snFOE,BRASIL: Brasileirão Betano,RODADA 13,Internacional,Vitória,1,0,,,,
2HKxae3d,BRASIL: Brasileirão Betano,RODADA 12,Atlético-MG,Internacional,2,0,,,,
pIVb6wBM,BRASIL: Brasileirão Betano,RODADA 12,São Paulo,Vasco,1,3,,,,
IP2PMbe3,BRASIL: Brasileirão Betano,RODADA 12,Grêmio,Corinthians,1,1,,,,
n5ftJGfS,BRASIL: Brasileirão Betano,RODADA 12,Fortaleza,Santos,2,3,,,,
Uk7V0HYq,BRASIL: Brasileirão Betano,RODADA 12,Red Bull Bragantino,Bahia,0,3,,,,
jw1XKxQF,BRASIL: Brasileirão Betano,RODADA 12,Vitória,Cruzeiro,0,0,,,,
zRIyxy0E,BRASIL: Brasileirão Betano,RODADA 10,Botafogo,Ceará,3,2,,,,
f9A0crSi,BRASIL: Brasileirão Betano,RODADA 11,Internacional,Fluminense,0,2,,,,
GQ5LZvzo,BRASIL: Brasileirão Betano,RODADA 11,Cruzeiro,Palmeiras,2,1,,,,
Ol2Hg0RG,BRASIL: Brasileirão Betano,RODADA 11,Ceará,Atlético-MG,0,1,,,,
tnnXeVjm,BRASIL: Brasileirão Betano,RODADA 11,Corinthians,Vitória,0,0,,,,
pQ3FwlyJ,BRASIL: Brasileirão Betano,RODADA 11,Flamengo,Fortaleza,5,0,,,,
WE5PivdT,BRASIL: Brasileirão Betano,RODADA 11,Juventude,Grêmio,0,2,,,,
lCkuf9La,BRASIL: Brasileirão Betano,RODADA 11,Santos,Botafogo,0,1,,,,
pvqlhmjC,BRASIL: Brasileirão Betano,RODADA 11,Mirassol,Sport,1,0,,,,
dEA01iTP,BRASIL: Brasileirão Betano,RODADA 11,Vasco,Red Bull Bragantino,0,2,,,,
2ZD8eMd4,BRASIL: Brasileirão Betano,RODADA 11,Bahia,São Paulo,2,1,,,,
MNjPSWM0,BRASIL: Brasileirão Betano,RODADA 10,Red Bull Bragantino,Juventude,1,0,,,,
GpCbsWyf,BRASIL: Brasileirão Betano,RODADA 10,Fortaleza,Cruzeiro,0,2,,,,
KIIkqh7s,BRASIL: Brasileirão Betano,RODADA 10,Vitória,Santos,0,1,,,,
UPBpzFUQ,BRASIL: Brasileirão Betano,RODADA 10,Palmeiras,Flamengo,0,2,,,,
lbA6uA66,BRASIL: Brasileirão Betano,RODADA 10,Sport,Internacional,1,1,,,,
AqXJlEqK,BRASIL: Brasileirão Betano,RODADA 10,Grêmio,Bahia,1,0,,,,
UmfXQAiD,BRASIL: Brasileirão Betano,RODADA 10,Atlético-MG,Corinthians,0,0,,,,
8KQkEX77,BRASIL: Brasileirão Betano,RODADA 10,Fluminense,Vasco,2,1,,,,
QecGUhhl,BRASIL: Brasileirão Betano,RODADA 10,São Paulo,Mirassol,0,2,,,,
KKmIHoc2,BRASIL: Brasileirão Betano,RODADA 9,Cruzeiro,Atlético-MG,0,0,,,,
xdI2PcG8,BRASIL: Brasileirão Betano,RODADA 9,Internacional,Mirassol,1,1,,,,
bmlZHfio,BRASIL: Brasileirão Betano,RODADA 9,Flamengo,Botafogo,0,0,,,,
CfpAJ7Sk,BRASIL: Brasileirão Betano,RODADA 9,Red Bull Bragantino,Palmeiras,1,2,,,,
A9GANyoL,BRASIL: Brasileirão Betano,RODADA 9,Bahia,Vitória,2,1,,,,
n9UTwxE4,BRASIL: Brasileirão Betano,RODADA 9,Corinthians,Santos,1,0,,,,
n5xsGgwe,BRASIL: Brasileirão Betano,RODADA 9,Juventude,Fluminense,1,1,,,,
h6XyxGrH,BRASIL: Brasileirão Betano,RODADA 9,São Paulo,Grêmio,2,1,,,,
jsyLubqh,BRASIL: Brasileirão Betano,RODADA 9,Vasco,Fortaleza,3,0,,,,
vuZYHF8r,BRASIL: Brasileirão Betano,RODADA 9,Ceará,Sport,2,0,,,,
WIuDCaF5,BRASIL: Brasileirão Betano,RODADA 8,Santos,Ceará,0,0,,,,
2wldGsGt,BRASIL: Brasileirão Betano,RODADA 8,Botafogo,Internacional,4,0,,,,
ptnT8HEU,BRASIL: Brasileirão Betano,RODADA 8,Atlético-MG,Fluminense,3,2,,,,
Ohx5ELpg,BRASIL: Brasileirão Betano,RODADA 8,Palmeiras,São Paulo,1,0,,,,
v372NGTN,BRASIL: Brasileirão Betano,RODADA 8,Sport,Cruzeiro,0,4,,,,
CE8ndvVO,BRASIL: Brasileirão Betano,RODADA 8,Flamengo,Bahia,1,0,,,,
O6HwTKan,BRASIL: Brasileirão Betano,RODADA 8,Grêmio,Red Bull Bragantino,1,1,,,,
CSmLAwpI,BRASIL: Brasileirão Betano,RODADA 8,Mirassol,Corinthians,2,1,,,,
WWKoRbUb,BRASIL: Brasileirão Betano,RODADA 8,Vitória,Vasco,2,1,,,,
hn9fPxaB,BRASIL: Brasileirão Betano,RODADA 8,Fortaleza,Juventude,5,0,,,,
hChob00C,BRASIL: Brasileirão Betano,RODADA 7,Juventude,Atlético-MG,0,1,,,,
6eU3oNG6,BRASIL: Brasileirão Betano,RODADA 7,Red Bull Bragantino,Mirassol,1,0,,,,
ChXBq1oJ,BRASIL: Brasileirão Betano,RODADA 7,Cruzeiro,Flamengo,2,1,,,,
hlAb74wQ,BRASIL: Brasileirão Betano,RODADA 7,Grêmio,Santos,1,0,,,,
rFKE7DX8,BRASIL: Brasileirão Betano,RODADA 7,Vasco,Palmeiras,0,1,,,,
OW0U1r1m,BRASIL: Brasileirão Betano,RODADA 7,Bahia,Botafogo,1,0,,,,
Kbfw0MVa,BRASIL: Brasileirão Betano,RODADA 7,Ceará,Vitória,1,0,,,,
xGxmk5Hs,BRASIL: Brasileirão Betano,RODADA 7,Corinthians,Internacional,4,2,,,,
j7ITqAu2,BRASIL: Brasileirão Betano,RODADA 7,Fluminense,Sport,2,1,,,,
ATzemqnf,BRASIL: Brasileirão Betano,RODADA 7,São Paulo,Fortaleza,0,0,,,,
OjP6vF3M,BRASIL: Brasileirão Betano,RODADA 6,Santos,Red Bull Bragantino,1,2,,,,
Gl4oXWed,BRASIL: Brasileirão Betano,RODADA 6,Cruzeiro,Vasco,1,0,,,,
GQLbtyZ9,BRASIL: Brasileirão Betano,RODADA 6,Palmeiras,Bahia,0,1,,,,
2sptgEIF,BRASIL: Brasileirão Betano,RODADA 6,Vitória,Grêmio,1,1,,,,
4UIBKgCj,BRASIL: Brasileirão Betano,RODADA 6,Flamengo,Corinthians,4,0,,,,
dO5crc4c,BRASIL: Brasileirão Betano,RODADA 6,Botafogo,Fluminense,2,0,,,,
UiUKoWAk,BRASIL: Brasileirão Betano,RODADA 6,Sport,Fortaleza,0,0,,,,
b9wkihmS,BRASIL: Brasileirão Betano,RODADA 6,Ceará,São Paulo,1,1,,,,
8O0wZhRq,BRASIL: Brasileirão Betano,RODADA 6,Mirassol,Atlético-MG,2,2,,,,
UToYfzl3,BRASIL: Brasileirão Betano,RODADA 6,Internacional,Juventude,3,1,,,,
G4pOTck4,BRASIL: Brasileirão Betano,RODADA 5,Bahia,Ceará,1,0,,,,
CIbbDx5N,BRASIL: Brasileirão Betano,RODADA 5,Red Bull Bragantino,Cruzeiro,1,0,,,,
ru2NBPTI,BRASIL: Brasileirão Betano,RODADA 5,Fluminense,Vitória,1,1,,,,
xKYWRyKG,BRASIL: Brasileirão Betano,RODADA 5,Fortaleza,Palmeiras,1,2,,,,
8lpU7GSp,BRASIL: Brasileirão Betano,RODADA 5,Atlético-MG,Botafogo,1,0,,,,
Gj5kFbzB,BRASIL: Brasileirão Betano,RODADA 5,São Paulo,Santos,2,1,,,,
ppxuQFlT,BRASIL: Brasileirão Betano,RODADA 5,Juventude,Mirassol,2,2,,,,
OdSGVJKi,BRASIL: Brasileirão Betano,RODADA 5,Grêmio,Internacional,1,1,,,,
8KIYItyn,BRASIL: Brasileirão Betano,RODADA 5,Vasco,Flamengo,0,0,,,,
UZ6sHK5b,BRASIL: Brasileirão Betano,RODADA 5,Corinthians,Sport,2,1,,,,
6g1sFwJD,BRASIL: Brasileirão Betano,RODADA 4,Cruzeiro,Bahia,3,0,,,,
YBe820Z7,BRASIL: Brasileirão Betano,RODADA 4,Flamengo,Juventude,6,0,,,,
hGSYILJl,BRASIL: Brasileirão Betano,RODADA 4,Santos,Atlético-MG,2,0,,,,
K0HcHTas,BRASIL: Brasileirão Betano,RODADA 4,Vitória,Fortaleza,2,1,,,,
dps3OsdR,BRASIL: Brasileirão Betano,RODADA 4,Corinthians,Fluminense,0,2,,,,
lIQRMkxK,BRASIL: Brasileirão Betano,RODADA 4,Internacional,Palmeiras,0,1,,,,
bTcZGal1,BRASIL: Brasileirão Betano,RODADA 4,Mirassol,Grêmio,4,1,,,,
nD8EDoa6,BRASIL: Brasileirão Betano,RODADA 4,Sport,Red Bull Bragantino,0,1,,,,
0ImfQ3RE,BRASIL: Brasileirão Betano,RODADA 4,Botafogo,São Paulo,2,2,,,,
EaA6F7Ug,BRASIL: Brasileirão Betano,RODADA 4,Ceará,Vasco,2,1,,,,
bgsQkNk2,BRASIL: Brasileirão Betano,RODADA 3,Atlético-MG,Vitória,2,2,,,,
6a4i6rzq,BRASIL: Brasileirão Betano,RODADA 3,Fortaleza,Internacional,0,0,,,,
WINrwp6d,BRASIL: Brasileirão Betano,RODADA 3,Fluminense,Santos,1,0,,,,
E1PCDQs9,BRASIL: Brasileirão Betano,RODADA 3,Grêmio,Flamengo,0,2,,,,
S47oc5cS,BRASIL: Brasileirão Betano,RODADA 3,São Paulo,Cruzeiro,1,1,,,,
nFNKB4CL,BRASIL: Brasileirão Betano,RODADA 3,Bahia,Mirassol,1,1,,,,
OCAU0mb3,BRASIL: Brasileirão Betano,RODADA 3,Vasco,Sport,3,1,,,,
Kv4waRSF,BRASIL: Brasileirão Betano,RODADA 3,Palmeiras,Corinthians,2,0,,,,
Cd7a4M4e,BRASIL: Brasileirão Betano,RODADA 3,Juventude,Ceará,2,1,,,,
CxqIiqLk,BRASIL: Brasileirão Betano,RODADA 3,Red Bull Bragantino,Botafogo,1,0,,,,
plCSpy85,BRASIL: Brasileirão Betano,RODADA 2,Santos,Bahia,2,2,,,,
GUen1dhn,BRASIL: Brasileirão Betano,RODADA 2,Internacional,Cruzeiro,3,0,,,,
tG5yqFxI,BRASIL: Brasileirão Betano,RODADA 2,Mirassol,Fortaleza,1,1,,,,
j9Fzu6yp,BRASIL: Brasileirão Betano,RODADA 2,Sport,Palmeiras,1,2,,,,
OfafazNb,BRASIL: Brasileirão Betano,RODADA 2,Vitória,Flamengo,1,2,,,,
ET3qsg7U,BRASIL: Brasileirão Betano,RODADA 2,Atlético-MG,São Paulo,0,0,,,,
SCu2UFNO,BRASIL: Brasileirão Betano,RODADA 2,Fluminense,Red Bull Bragantino,2,1,,,,
G8KBlJ8t,BRASIL: Brasileirão Betano,RODADA 2,Botafogo,Juventude,2,0,,,,
pAm3cEiB,BRASIL: Brasileirão Betano,RODADA 2,Ceará,Grêmio,2,0,,,,
xO8Kncwg,BRASIL: Brasileirão Betano,RODADA 2,Corinthians,Vasco,3,0,,,,
IaDCJb96,BRASIL: Brasileirão Betano,RODADA 1,Red Bull Bragantino,Ceará,2,2,,,,
25fxzKgm,BRASIL: Brasileirão Betano,RODADA 1,Bahia,Corinthians,1,1,,,,
W2uPS2nK,BRASIL: Brasileirão Betano,RODADA 1,Vasco,Santos,2,1,,,,
lKLeNtAs,BRASIL: Brasileirão Betano,RODADA 1,Palmeiras,Botafogo,0,0,,,,
4dmw5afD,BRASIL: Brasileirão Betano,RODADA 1,Flamengo,Internacional,1,1,,,,
QPGKHxvJ,BRASIL: Brasileirão Betano,RODADA 1,Cruzeiro,Mirassol,2,1,,,,
bXmoYcOa,BRASIL: Brasileirão Betano,RODADA 1,Fortaleza,Fluminense,2,0,,,,
6Lg7utWP,BRASIL: Brasileirão Betano,RODADA 1,Grêmio,Atlético-MG,2,1,,,,
WpngWygC,BRASIL: Brasileirão Betano,RODADA 1,Juventude,Vitória,2,0,,,,
MXJ3LKvf,BRASIL: Brasileirão Betano,RODADA 1,São Paulo,Sport,0,0,,,,
